{
  "type": "FeatureCollection",
  "features": [
    {
      "type": "Feature",
      "geometry": {
        "type": "Point",
        "coordinates": [
          120.952278,
          14.954616
        ]
      },
      "properties": {
        "household_no": "H-0001",
        "head_name": "Divina Bautista",
        "address": "Purok 2, San Jose Street",
        "barangay": "BMA-Balagtas",
        "size": 6,
        "children_count": 2,
        "elderly_count": 0,
        "pwd_count": 0,
        "contact": "09176773022",
        "notes": "Two infants in household"
      }
    },
    {
      "type": "Feature",
      "geometry": {
        "type": "Point",
        "coordinates": [
          120.952551,
          14.958682
        ]
      },
      "properties": {
        "household_no": "H-0002",
        "head_name": "Benito Serrano",
        "address": "Purok 2, Quezon Street",
        "barangay": "BMA-Balagtas",
        "size": 6,
        "children_count": 3,
        "elderly_count": 0,
        "pwd_count": 1,
        "contact": "09172246884",
        "notes": null
      }
    },
    {
      "type": "Feature",
      "geometry": {
        "type": "Point",
        "coordinates": [
          120.949263,
          14.954697
        ]
      },
      "properties": {
        "household_no": "H-0003",
        "head_name": "Gregorio Mercado",
        "address": "Purok 2, Jacinto Street",
        "barangay": "BMA-Balagtas",
        "size": 6,
        "children_count": 0,
        "elderly_count": 0,
        "pwd_count": 0,
        "contact": "09178788190",
        "notes": null
      }
    },
    {
      "type": "Feature",
      "geometry": {
        "type": "Point",
        "coordinates": [
          120.949423,
          14.95848
        ]
      },
      "properties": {
        "household_no": "H-0004",
        "head_name": "Rogelio Gutierrez",
        "address": "Purok 3, M.H. del Pilar Street",
        "barangay": "BMA-Balagtas",
        "size": 3,
        "children_count": 0,
        "elderly_count": 2,
        "pwd_count": 0,
        "contact": "09174252716",
        "notes": "Elderly resident living alone"
      }
    },
    {
      "type": "Feature",
      "geometry": {
        "type": "Point",
        "coordinates": [
          120.954631,
          14.955034
        ]
      },
      "properties": {
        "household_no": "H-0005",
        "head_name": "Luzviminda Mercado",
        "address": "Purok 1, Katubusan Street",
        "barangay": "BMA-Balagtas",
        "size": 5,
        "children_count": 2,
        "elderly_count": 0,
        "pwd_count": 0,
        "contact": "09174726463",
        "notes": "Pregnant member"
      }
    },
    {
      "type": "Feature",
      "geometry": {
        "type": "Point",
        "coordinates": [
          120.949314,
          14.954745
        ]
      },
      "properties": {
        "household_no": "H-0006",
        "head_name": "Jonalyn Aquino",
        "address": "Purok 2, Aguinaldo Street",
        "barangay": "BMA-Balagtas",
        "size": 6,
        "children_count": 0,
        "elderly_count": 0,
        "pwd_count": 0,
        "contact": "09174325589",
        "notes": "Assisted breathing device"
      }
    },
    {
      "type": "Feature",
      "geometry": {
        "type": "Point",
        "coordinates": [
          120.976749,
          14.980799
        ]
      },
      "properties": {
        "household_no": "H-0007",
        "head_name": "Ana Buenaventura",
        "address": "Purok 1, Del Pilar Street",
        "barangay": "Banca-banca",
        "size": 3,
        "children_count": 0,
        "elderly_count": 0,
        "pwd_count": 0,
        "contact": "09177211783",
        "notes": null
      }
    },
    {
      "type": "Feature",
      "geometry": {
        "type": "Point",
        "coordinates": [
          120.972108,
          14.982876
        ]
      },
      "properties": {
        "household_no": "H-0008",
        "head_name": "Reynaldo Espino",
        "address": "Purok 5, Katubusan Street",
        "barangay": "Banca-banca",
        "size": 4,
        "children_count": 1,
        "elderly_count": 2,
        "pwd_count": 0,
        "contact": "09177001601",
        "notes": null
      }
    },
    {
      "type": "Feature",
      "geometry": {
        "type": "Point",
        "coordinates": [
          120.974307,
          14.982095
        ]
      },
      "properties": {
        "household_no": "H-0009",
        "head_name": "Juan Domingo",
        "address": "Purok 1, Del Pilar Street",
        "barangay": "Banca-banca",
        "size": 5,
        "children_count": 0,
        "elderly_count": 2,
        "pwd_count": 0,
        "contact": "09173789977",
        "notes": null
      }
    },
    {
      "type": "Feature",
      "geometry": {
        "type": "Point",
        "coordinates": [
          120.975306,
          14.978548
        ]
      },
      "properties": {
        "household_no": "H-0010",
        "head_name": "Riza Aquino",
        "address": "Purok 6, Del Pilar Street",
        "barangay": "Banca-banca",
        "size": 6,
        "children_count": 1,
        "elderly_count": 1,
        "pwd_count": 0,
        "contact": "09175210492",
        "notes": null
      }
    },
    {
      "type": "Feature",
      "geometry": {
        "type": "Point",
        "coordinates": [
          120.976446,
          14.981021
        ]
      },
      "properties": {
        "household_no": "H-0011",
        "head_name": "Maria Tomas",
        "address": "Purok 1, Liberation Street",
        "barangay": "Banca-banca",
        "size": 6,
        "children_count": 3,
        "elderly_count": 0,
        "pwd_count": 0,
        "contact": "09179955436",
        "notes": "Elderly resident living alone"
      }
    },
    {
      "type": "Feature",
      "geometry": {
        "type": "Point",
        "coordinates": [
          120.974923,
          14.977718
        ]
      },
      "properties": {
        "household_no": "H-0012",
        "head_name": "Reynaldo Yson",
        "address": "Purok 1, M.H. del Pilar Street",
        "barangay": "Banca-banca",
        "size": 1,
        "children_count": 1,
        "elderly_count": 0,
        "pwd_count": 0,
        "contact": "09170793447",
        "notes": "Recently relocated from flood-prone area"
      }
    },
    {
      "type": "Feature",
      "geometry": {
        "type": "Point",
        "coordinates": [
          120.974496,
          14.980799
        ]
      },
      "properties": {
        "household_no": "H-0013",
        "head_name": "Rogelio Buenaventura",
        "address": "Purok 5, Katubusan Street",
        "barangay": "Banca-banca",
        "size": 3,
        "children_count": 2,
        "elderly_count": 0,
        "pwd_count": 0,
        "contact": "09177066298",
        "notes": null
      }
    },
    {
      "type": "Feature",
      "geometry": {
        "type": "Point",
        "coordinates": [
          120.956349,
          14.932756
        ]
      },
      "properties": {
        "household_no": "H-0014",
        "head_name": "Edwin Salazar",
        "address": "Purok 5, Rizal Street",
        "barangay": "Caingin",
        "size": 3,
        "children_count": 0,
        "elderly_count": 1,
        "pwd_count": 0,
        "contact": "09171006939",
        "notes": null
      }
    },
    {
      "type": "Feature",
      "geometry": {
        "type": "Point",
        "coordinates": [
          120.954575,
          14.929211
        ]
      },
      "properties": {
        "household_no": "H-0015",
        "head_name": "Mercedes Navarro",
        "address": "Purok 3, San Jose Street",
        "barangay": "Caingin",
        "size": 4,
        "children_count": 0,
        "elderly_count": 0,
        "pwd_count": 0,
        "contact": "09170232298",
        "notes": null
      }
    },
    {
      "type": "Feature",
      "geometry": {
        "type": "Point",
        "coordinates": [
          120.956052,
          14.930721
        ]
      },
      "properties": {
        "household_no": "H-0016",
        "head_name": "Cecilia Tomas",
        "address": "Purok 6, Gov. Padilla Street",
        "barangay": "Caingin",
        "size": 1,
        "children_count": 0,
        "elderly_count": 0,
        "pwd_count": 0,
        "contact": "09171529627",
        "notes": "Assisted breathing device"
      }
    },
    {
      "type": "Feature",
      "geometry": {
        "type": "Point",
        "coordinates": [
          120.954849,
          14.932975
        ]
      },
      "properties": {
        "household_no": "H-0017",
        "head_name": "Maria Mercado",
        "address": "Purok 4, Liberation Street",
        "barangay": "Caingin",
        "size": 8,
        "children_count": 3,
        "elderly_count": 0,
        "pwd_count": 0,
        "contact": "09176826198",
        "notes": null
      }
    },
    {
      "type": "Feature",
      "geometry": {
        "type": "Point",
        "coordinates": [
          120.956749,
          14.929271
        ]
      },
      "properties": {
        "household_no": "H-0018",
        "head_name": "Jose Aquino",
        "address": "Purok 1, Rizal Street",
        "barangay": "Caingin",
        "size": 4,
        "children_count": 0,
        "elderly_count": 0,
        "pwd_count": 0,
        "contact": "09174289469",
        "notes": null
      }
    },
    {
      "type": "Feature",
      "geometry": {
        "type": "Point",
        "coordinates": [
          120.951913,
          14.931467
        ]
      },
      "properties": {
        "household_no": "H-0019",
        "head_name": "Nestor Carpio",
        "address": "Purok 2, M. Hizon Street",
        "barangay": "Caingin",
        "size": 5,
        "children_count": 1,
        "elderly_count": 1,
        "pwd_count": 0,
        "contact": "09172045070",
        "notes": "No electricity connection"
      }
    },
    {
      "type": "Feature",
      "geometry": {
        "type": "Point",
        "coordinates": [
          120.953344,
          14.930208
        ]
      },
      "properties": {
        "household_no": "H-0020",
        "head_name": "Riza Mercado",
        "address": "Purok 4, P. Burgos Street",
        "barangay": "Caingin",
        "size": 6,
        "children_count": 0,
        "elderly_count": 1,
        "pwd_count": 1,
        "contact": "09176212388",
        "notes": null
      }
    },
    {
      "type": "Feature",
      "geometry": {
        "type": "Point",
        "coordinates": [
          120.993731,
          14.923577
        ]
      },
      "properties": {
        "household_no": "H-0021",
        "head_name": "Rogelio Mercado",
        "address": "Purok 6, Del Pilar Street",
        "barangay": "Coral na Bato",
        "size": 6,
        "children_count": 3,
        "elderly_count": 1,
        "pwd_count": 0,
        "contact": "09174962828",
        "notes": null
      }
    },
    {
      "type": "Feature",
      "geometry": {
        "type": "Point",
        "coordinates": [
          120.990885,
          14.924322
        ]
      },
      "properties": {
        "household_no": "H-0022",
        "head_name": "Andres Mendoza",
        "address": "Purok 3, Jacinto Street",
        "barangay": "Coral na Bato",
        "size": 7,
        "children_count": 2,
        "elderly_count": 2,
        "pwd_count": 0,
        "contact": "09174492730",
        "notes": null
      }
    },
    {
      "type": "Feature",
      "geometry": {
        "type": "Point",
        "coordinates": [
          120.993529,
          14.926815
        ]
      },
      "properties": {
        "household_no": "H-0023",
        "head_name": "Jonalyn Navarro",
        "address": "Purok 6, P. Burgos Street",
        "barangay": "Coral na Bato",
        "size": 3,
        "children_count": 0,
        "elderly_count": 1,
        "pwd_count": 0,
        "contact": "09172274019",
        "notes": null
      }
    },
    {
      "type": "Feature",
      "geometry": {
        "type": "Point",
        "coordinates": [
          120.989151,
          14.923827
        ]
      },
      "properties": {
        "household_no": "H-0024",
        "head_name": "Antonio Buenaventura",
        "address": "Purok 5, Quezon Street",
        "barangay": "Coral na Bato",
        "size": 5,
        "children_count": 3,
        "elderly_count": 2,
        "pwd_count": 0,
        "contact": "09171380895",
        "notes": null
      }
    },
    {
      "type": "Feature",
      "geometry": {
        "type": "Point",
        "coordinates": [
          120.992586,
          14.926505
        ]
      },
      "properties": {
        "household_no": "H-0025",
        "head_name": "Cecilia Mercado",
        "address": "Purok 2, P. Burgos Street",
        "barangay": "Coral na Bato",
        "size": 7,
        "children_count": 1,
        "elderly_count": 1,
        "pwd_count": 1,
        "contact": "09178278525",
        "notes": null
      }
    },
    {
      "type": "Feature",
      "geometry": {
        "type": "Point",
        "coordinates": [
          120.991635,
          14.923591
        ]
      },
      "properties": {
        "household_no": "H-0026",
        "head_name": "Lourdes Magpayo",
        "address": "Purok 6, Del Pilar Street",
        "barangay": "Coral na Bato",
        "size": 1,
        "children_count": 0,
        "elderly_count": 1,
        "pwd_count": 0,
        "contact": "09175824381",
        "notes": null
      }
    },
    {
      "type": "Feature",
      "geometry": {
        "type": "Point",
        "coordinates": [
          120.946347,
          14.99345
        ]
      },
      "properties": {
        "household_no": "H-0027",
        "head_name": "Corazon Alcantara",
        "address": "Purok 1, Luna Street",
        "barangay": "Cruz na Daan",
        "size": 8,
        "children_count": 0,
        "elderly_count": 2,
        "pwd_count": 0,
        "contact": "09178557414",
        "notes": null
      }
    },
    {
      "type": "Feature",
      "geometry": {
        "type": "Point",
        "coordinates": [
          120.948962,
          14.991467
        ]
      },
      "properties": {
        "household_no": "H-0028",
        "head_name": "Teresa Aquino",
        "address": "Purok 3, Rizal Street",
        "barangay": "Cruz na Daan",
        "size": 4,
        "children_count": 1,
        "elderly_count": 0,
        "pwd_count": 1,
        "contact": "09172491624",
        "notes": null
      }
    },
    {
      "type": "Feature",
      "geometry": {
        "type": "Point",
        "coordinates": [
          120.947143,
          14.993492
        ]
      },
      "properties": {
        "household_no": "H-0029",
        "head_name": "Nestor Torres",
        "address": "Purok 6, Luna Street",
        "barangay": "Cruz na Daan",
        "size": 5,
        "children_count": 3,
        "elderly_count": 1,
        "pwd_count": 0,
        "contact": "09175972682",
        "notes": "Elderly resident living alone"
      }
    },
    {
      "type": "Feature",
      "geometry": {
        "type": "Point",
        "coordinates": [
          120.945736,
          14.990351
        ]
      },
      "properties": {
        "household_no": "H-0030",
        "head_name": "Liza Salazar",
        "address": "Purok 2, Katubusan Street",
        "barangay": "Cruz na Daan",
        "size": 5,
        "children_count": 0,
        "elderly_count": 0,
        "pwd_count": 0,
        "contact": "09171437236",
        "notes": "Two infants in household"
      }
    },
    {
      "type": "Feature",
      "geometry": {
        "type": "Point",
        "coordinates": [
          120.946371,
          14.990861
        ]
      },
      "properties": {
        "household_no": "H-0031",
        "head_name": "Gregorio Salazar",
        "address": "Purok 5, Gov. Padilla Street",
        "barangay": "Cruz na Daan",
        "size": 5,
        "children_count": 0,
        "elderly_count": 0,
        "pwd_count": 0,
        "contact": "09173369935",
        "notes": null
      }
    },
    {
      "type": "Feature",
      "geometry": {
        "type": "Point",
        "coordinates": [
          120.94645,
          14.99125
        ]
      },
      "properties": {
        "household_no": "H-0032",
        "head_name": "Andres Santiago",
        "address": "Purok 3, Jacinto Street",
        "barangay": "Cruz na Daan",
        "size": 5,
        "children_count": 3,
        "elderly_count": 1,
        "pwd_count": 0,
        "contact": "09179353771",
        "notes": null
      }
    },
    {
      "type": "Feature",
      "geometry": {
        "type": "Point",
        "coordinates": [
          120.929388,
          14.944953
        ]
      },
      "properties": {
        "household_no": "H-0033",
        "head_name": "Marites Ramos",
        "address": "Purok 4, Katubusan Street",
        "barangay": "Dagat-dagatan",
        "size": 7,
        "children_count": 3,
        "elderly_count": 0,
        "pwd_count": 0,
        "contact": "09176946163",
        "notes": null
      }
    },
    {
      "type": "Feature",
      "geometry": {
        "type": "Point",
        "coordinates": [
          120.933589,
          14.946559
        ]
      },
      "properties": {
        "household_no": "H-0034",
        "head_name": "Elena Ocampo",
        "address": "Purok 1, M. Hizon Street",
        "barangay": "Dagat-dagatan",
        "size": 4,
        "children_count": 3,
        "elderly_count": 0,
        "pwd_count": 0,
        "contact": "09176070408",
        "notes": "Pregnant member"
      }
    },
    {
      "type": "Feature",
      "geometry": {
        "type": "Point",
        "coordinates": [
          120.929916,
          14.94243
        ]
      },
      "properties": {
        "household_no": "H-0035",
        "head_name": "Mercedes Cruz",
        "address": "Purok 1, Gov. Padilla Street",
        "barangay": "Dagat-dagatan",
        "size": 6,
        "children_count": 1,
        "elderly_count": 0,
        "pwd_count": 0,
        "contact": "09176443532",
        "notes": null
      }
    },
    {
      "type": "Feature",
      "geometry": {
        "type": "Point",
        "coordinates": [
          120.931018,
          14.946283
        ]
      },
      "properties": {
        "household_no": "H-0036",
        "head_name": "Dante Espino",
        "address": "Purok 3, Rizal Street",
        "barangay": "Dagat-dagatan",
        "size": 6,
        "children_count": 1,
        "elderly_count": 2,
        "pwd_count": 0,
        "contact": "09178440607",
        "notes": null
      }
    },
    {
      "type": "Feature",
      "geometry": {
        "type": "Point",
        "coordinates": [
          120.929591,
          14.942044
        ]
      },
      "properties": {
        "household_no": "H-0037",
        "head_name": "Elena Ramos",
        "address": "Purok 2, Burgos Street",
        "barangay": "Dagat-dagatan",
        "size": 3,
        "children_count": 3,
        "elderly_count": 0,
        "pwd_count": 0,
        "contact": "09179110827",
        "notes": null
      }
    },
    {
      "type": "Feature",
      "geometry": {
        "type": "Point",
        "coordinates": [
          120.929637,
          14.945878
        ]
      },
      "properties": {
        "household_no": "H-0038",
        "head_name": "Andres Flores",
        "address": "Purok 3, M. Hizon Street",
        "barangay": "Dagat-dagatan",
        "size": 8,
        "children_count": 2,
        "elderly_count": 1,
        "pwd_count": 0,
        "contact": "09174996524",
        "notes": null
      }
    },
    {
      "type": "Feature",
      "geometry": {
        "type": "Point",
        "coordinates": [
          120.92926,
          14.943062
        ]
      },
      "properties": {
        "household_no": "H-0039",
        "head_name": "Lourdes Bautista",
        "address": "Purok 2, San Jose Street",
        "barangay": "Dagat-dagatan",
        "size": 5,
        "children_count": 1,
        "elderly_count": 0,
        "pwd_count": 0,
        "contact": "09170427880",
        "notes": null
      }
    },
    {
      "type": "Feature",
      "geometry": {
        "type": "Point",
        "coordinates": [
          120.986045,
          14.969391
        ]
      },
      "properties": {
        "household_no": "H-0040",
        "head_name": "Noli Villanueva",
        "address": "Purok 1, M. Hizon Street",
        "barangay": "Diliman I",
        "size": 2,
        "children_count": 1,
        "elderly_count": 0,
        "pwd_count": 0,
        "contact": "09179234322",
        "notes": "No electricity connection"
      }
    },
    {
      "type": "Feature",
      "geometry": {
        "type": "Point",
        "coordinates": [
          120.986196,
          14.969776
        ]
      },
      "properties": {
        "household_no": "H-0041",
        "head_name": "Miguel Buenaventura",
        "address": "Purok 2, Liberation Street",
        "barangay": "Diliman I",
        "size": 4,
        "children_count": 2,
        "elderly_count": 2,
        "pwd_count": 0,
        "contact": "09175537457",
        "notes": null
      }
    },
    {
      "type": "Feature",
      "geometry": {
        "type": "Point",
        "coordinates": [
          120.985819,
          14.97094
        ]
      },
      "properties": {
        "household_no": "H-0042",
        "head_name": "Gloria Bautista",
        "address": "Purok 3, Mabini Street",
        "barangay": "Diliman I",
        "size": 6,
        "children_count": 3,
        "elderly_count": 1,
        "pwd_count": 0,
        "contact": "09175169258",
        "notes": "Single income earner"
      }
    },
    {
      "type": "Feature",
      "geometry": {
        "type": "Point",
        "coordinates": [
          120.985507,
          14.967135
        ]
      },
      "properties": {
        "household_no": "H-0043",
        "head_name": "Antonio Pascual",
        "address": "Purok 6, Gov. Padilla Street",
        "barangay": "Diliman I",
        "size": 3,
        "children_count": 3,
        "elderly_count": 0,
        "pwd_count": 0,
        "contact": "09176688241",
        "notes": null
      }
    },
    {
      "type": "Feature",
      "geometry": {
        "type": "Point",
        "coordinates": [
          120.987281,
          14.971806
        ]
      },
      "properties": {
        "household_no": "H-0044",
        "head_name": "Mercedes Villanueva",
        "address": "Purok 5, Liberation Street",
        "barangay": "Diliman I",
        "size": 1,
        "children_count": 1,
        "elderly_count": 0,
        "pwd_count": 0,
        "contact": "09175970746",
        "notes": null
      }
    },
    {
      "type": "Feature",
      "geometry": {
        "type": "Point",
        "coordinates": [
          120.985806,
          14.972131
        ]
      },
      "properties": {
        "household_no": "H-0045",
        "head_name": "Dante Serrano",
        "address": "Purok 4, Mabini Street",
        "barangay": "Diliman I",
        "size": 8,
        "children_count": 1,
        "elderly_count": 0,
        "pwd_count": 0,
        "contact": "09170071895",
        "notes": "Pregnant member"
      }
    },
    {
      "type": "Feature",
      "geometry": {
        "type": "Point",
        "coordinates": [
          120.98724,
          14.969459
        ]
      },
      "properties": {
        "household_no": "H-0046",
        "head_name": "Juan Tomas",
        "address": "Purok 5, Del Pilar Street",
        "barangay": "Diliman I",
        "size": 3,
        "children_count": 2,
        "elderly_count": 1,
        "pwd_count": 0,
        "contact": "09179650037",
        "notes": null
      }
    },
    {
      "type": "Feature",
      "geometry": {
        "type": "Point",
        "coordinates": [
          120.986654,
          14.971268
        ]
      },
      "properties": {
        "household_no": "H-0047",
        "head_name": "Ramon Marquez",
        "address": "Purok 1, M.H. del Pilar Street",
        "barangay": "Diliman I",
        "size": 8,
        "children_count": 3,
        "elderly_count": 2,
        "pwd_count": 0,
        "contact": "09173843257",
        "notes": null
      }
    },
    {
      "type": "Feature",
      "geometry": {
        "type": "Point",
        "coordinates": [
          120.996467,
          14.973849
        ]
      },
      "properties": {
        "household_no": "H-0048",
        "head_name": "Reynaldo Garcia",
        "address": "Purok 1, Del Pilar Street",
        "barangay": "Diliman II",
        "size": 1,
        "children_count": 1,
        "elderly_count": 0,
        "pwd_count": 0,
        "contact": "09178272701",
        "notes": null
      }
    },
    {
      "type": "Feature",
      "geometry": {
        "type": "Point",
        "coordinates": [
          120.994225,
          14.975732
        ]
      },
      "properties": {
        "household_no": "H-0049",
        "head_name": "Liza Aquino",
        "address": "Purok 2, Bonifacio Street",
        "barangay": "Diliman II",
        "size": 7,
        "children_count": 3,
        "elderly_count": 2,
        "pwd_count": 0,
        "contact": "09179236452",
        "notes": "No electricity connection"
      }
    },
    {
      "type": "Feature",
      "geometry": {
        "type": "Point",
        "coordinates": [
          120.994321,
          14.976023
        ]
      },
      "properties": {
        "household_no": "H-0050",
        "head_name": "Gregorio Gonzales",
        "address": "Purok 5, Liberation Street",
        "barangay": "Diliman II",
        "size": 3,
        "children_count": 0,
        "elderly_count": 1,
        "pwd_count": 0,
        "contact": "09176004545",
        "notes": "Pregnant member"
      }
    },
    {
      "type": "Feature",
      "geometry": {
        "type": "Point",
        "coordinates": [
          120.994012,
          14.973621
        ]
      },
      "properties": {
        "household_no": "H-0051",
        "head_name": "Teresa Flores",
        "address": "Purok 6, Mabini Street",
        "barangay": "Diliman II",
        "size": 2,
        "children_count": 0,
        "elderly_count": 1,
        "pwd_count": 0,
        "contact": "09177514061",
        "notes": null
      }
    },
    {
      "type": "Feature",
      "geometry": {
        "type": "Point",
        "coordinates": [
          120.998089,
          14.975787
        ]
      },
      "properties": {
        "household_no": "H-0052",
        "head_name": "Dante Reyes",
        "address": "Purok 1, Mabini Street",
        "barangay": "Diliman II",
        "size": 7,
        "children_count": 3,
        "elderly_count": 2,
        "pwd_count": 0,
        "contact": "09179321469",
        "notes": null
      }
    },
    {
      "type": "Feature",
      "geometry": {
        "type": "Point",
        "coordinates": [
          120.995826,
          14.975014
        ]
      },
      "properties": {
        "household_no": "H-0053",
        "head_name": "Maria Bautista",
        "address": "Purok 1, Jacinto Street",
        "barangay": "Diliman II",
        "size": 3,
        "children_count": 1,
        "elderly_count": 2,
        "pwd_count": 0,
        "contact": "09177768127",
        "notes": null
      }
    },
    {
      "type": "Feature",
      "geometry": {
        "type": "Point",
        "coordinates": [
          120.996824,
          14.975351
        ]
      },
      "properties": {
        "household_no": "H-0054",
        "head_name": "Miguel Reyes",
        "address": "Purok 3, Rizal Street",
        "barangay": "Diliman II",
        "size": 4,
        "children_count": 1,
        "elderly_count": 2,
        "pwd_count": 0,
        "contact": "09179480494",
        "notes": null
      }
    },
    {
      "type": "Feature",
      "geometry": {
        "type": "Point",
        "coordinates": [
          120.943733,
          14.961382
        ]
      },
      "properties": {
        "household_no": "H-0055",
        "head_name": "Marites Buenaventura",
        "address": "Purok 6, Gov. Padilla Street",
        "barangay": "Capihan",
        "size": 5,
        "children_count": 3,
        "elderly_count": 2,
        "pwd_count": 0,
        "contact": "09179301812",
        "notes": null
      }
    },
    {
      "type": "Feature",
      "geometry": {
        "type": "Point",
        "coordinates": [
          120.942595,
          14.963352
        ]
      },
      "properties": {
        "household_no": "H-0056",
        "head_name": "Edwin Manalo",
        "address": "Purok 2, Aguinaldo Street",
        "barangay": "Capihan",
        "size": 4,
        "children_count": 3,
        "elderly_count": 0,
        "pwd_count": 0,
        "contact": "09178640565",
        "notes": "Elderly resident living alone"
      }
    },
    {
      "type": "Feature",
      "geometry": {
        "type": "Point",
        "coordinates": [
          120.941493,
          14.962943
        ]
      },
      "properties": {
        "household_no": "H-0057",
        "head_name": "Andres Manalo",
        "address": "Purok 3, Gov. Padilla Street",
        "barangay": "Capihan",
        "size": 4,
        "children_count": 3,
        "elderly_count": 0,
        "pwd_count": 0,
        "contact": "09174376761",
        "notes": null
      }
    },
    {
      "type": "Feature",
      "geometry": {
        "type": "Point",
        "coordinates": [
          120.944679,
          14.961725
        ]
      },
      "properties": {
        "household_no": "H-0058",
        "head_name": "Myra Ramos",
        "address": "Purok 5, Quezon Street",
        "barangay": "Capihan",
        "size": 4,
        "children_count": 0,
        "elderly_count": 0,
        "pwd_count": 0,
        "contact": "09174296371",
        "notes": null
      }
    },
    {
      "type": "Feature",
      "geometry": {
        "type": "Point",
        "coordinates": [
          120.944691,
          14.962121
        ]
      },
      "properties": {
        "household_no": "H-0059",
        "head_name": "Teresa Marquez",
        "address": "Purok 1, M. Hizon Street",
        "barangay": "Capihan",
        "size": 3,
        "children_count": 3,
        "elderly_count": 0,
        "pwd_count": 0,
        "contact": "09173241255",
        "notes": null
      }
    },
    {
      "type": "Feature",
      "geometry": {
        "type": "Point",
        "coordinates": [
          120.94148,
          14.958524
        ]
      },
      "properties": {
        "household_no": "H-0060",
        "head_name": "Nestor Tomas",
        "address": "Purok 2, Gov. Padilla Street",
        "barangay": "Capihan",
        "size": 6,
        "children_count": 2,
        "elderly_count": 1,
        "pwd_count": 1,
        "contact": "09171097259",
        "notes": null
      }
    },
    {
      "type": "Feature",
      "geometry": {
        "type": "Point",
        "coordinates": [
          120.957418,
          14.959737
        ]
      },
      "properties": {
        "household_no": "H-0061",
        "head_name": "Carlos Mercado",
        "address": "Purok 4, San Jose Street",
        "barangay": "Libis",
        "size": 6,
        "children_count": 3,
        "elderly_count": 0,
        "pwd_count": 0,
        "contact": "09175023226",
        "notes": null
      }
    },
    {
      "type": "Feature",
      "geometry": {
        "type": "Point",
        "coordinates": [
          120.953455,
          14.958961
        ]
      },
      "properties": {
        "household_no": "H-0062",
        "head_name": "Mario Aquino",
        "address": "Purok 6, San Jose Street",
        "barangay": "Libis",
        "size": 3,
        "children_count": 2,
        "elderly_count": 1,
        "pwd_count": 0,
        "contact": "09175883398",
        "notes": null
      }
    },
    {
      "type": "Feature",
      "geometry": {
        "type": "Point",
        "coordinates": [
          120.955067,
          14.959673
        ]
      },
      "properties": {
        "household_no": "H-0063",
        "head_name": "Marites Ong",
        "address": "Purok 4, M. Hizon Street",
        "barangay": "Libis",
        "size": 4,
        "children_count": 1,
        "elderly_count": 0,
        "pwd_count": 0,
        "contact": "09172200844",
        "notes": null
      }
    },
    {
      "type": "Feature",
      "geometry": {
        "type": "Point",
        "coordinates": [
          120.955188,
          14.961056
        ]
      },
      "properties": {
        "household_no": "H-0064",
        "head_name": "Pedro Santos",
        "address": "Purok 2, P. Burgos Street",
        "barangay": "Libis",
        "size": 4,
        "children_count": 3,
        "elderly_count": 1,
        "pwd_count": 0,
        "contact": "09179338671",
        "notes": null
      }
    },
    {
      "type": "Feature",
      "geometry": {
        "type": "Point",
        "coordinates": [
          120.954706,
          14.962649
        ]
      },
      "properties": {
        "household_no": "H-0065",
        "head_name": "Mercedes Ilustre",
        "address": "Purok 5, Burgos Street",
        "barangay": "Libis",
        "size": 2,
        "children_count": 1,
        "elderly_count": 0,
        "pwd_count": 0,
        "contact": "09179538276",
        "notes": "Pregnant member"
      }
    },
    {
      "type": "Feature",
      "geometry": {
        "type": "Point",
        "coordinates": [
          120.95493,
          14.958884
        ]
      },
      "properties": {
        "household_no": "H-0066",
        "head_name": "Edwin Marquez",
        "address": "Purok 1, Mabini Street",
        "barangay": "Libis",
        "size": 3,
        "children_count": 2,
        "elderly_count": 1,
        "pwd_count": 0,
        "contact": "09179817320",
        "notes": null
      }
    },
    {
      "type": "Feature",
      "geometry": {
        "type": "Point",
        "coordinates": [
          120.955614,
          14.961313
        ]
      },
      "properties": {
        "household_no": "H-0067",
        "head_name": "Ana Bautista",
        "address": "Purok 1, Jacinto Street",
        "barangay": "Libis",
        "size": 4,
        "children_count": 3,
        "elderly_count": 0,
        "pwd_count": 0,
        "contact": "09175564559",
        "notes": "Pregnant member"
      }
    },
    {
      "type": "Feature",
      "geometry": {
        "type": "Point",
        "coordinates": [
          120.971674,
          14.952574
        ]
      },
      "properties": {
        "household_no": "H-0068",
        "head_name": "Gregorio Navarro",
        "address": "Purok 1, Liberation Street",
        "barangay": "Lico",
        "size": 3,
        "children_count": 1,
        "elderly_count": 1,
        "pwd_count": 0,
        "contact": "09176963644",
        "notes": null
      }
    },
    {
      "type": "Feature",
      "geometry": {
        "type": "Point",
        "coordinates": [
          120.969436,
          14.951726
        ]
      },
      "properties": {
        "household_no": "H-0069",
        "head_name": "Isagani Ilustre",
        "address": "Purok 2, Jacinto Street",
        "barangay": "Lico",
        "size": 7,
        "children_count": 2,
        "elderly_count": 0,
        "pwd_count": 0,
        "contact": "09177062058",
        "notes": null
      }
    },
    {
      "type": "Feature",
      "geometry": {
        "type": "Point",
        "coordinates": [
          120.971303,
          14.950369
        ]
      },
      "properties": {
        "household_no": "H-0070",
        "head_name": "Noli Espino",
        "address": "Purok 4, Jacinto Street",
        "barangay": "Lico",
        "size": 3,
        "children_count": 1,
        "elderly_count": 2,
        "pwd_count": 0,
        "contact": "09175310022",
        "notes": "Pregnant member"
      }
    },
    {
      "type": "Feature",
      "geometry": {
        "type": "Point",
        "coordinates": [
          120.970381,
          14.951781
        ]
      },
      "properties": {
        "household_no": "H-0071",
        "head_name": "Carlos Domingo",
        "address": "Purok 6, Gov. Padilla Street",
        "barangay": "Lico",
        "size": 4,
        "children_count": 3,
        "elderly_count": 0,
        "pwd_count": 1,
        "contact": "09172873606",
        "notes": null
      }
    },
    {
      "type": "Feature",
      "geometry": {
        "type": "Point",
        "coordinates": [
          120.966691,
          14.954545
        ]
      },
      "properties": {
        "household_no": "H-0072",
        "head_name": "Noli Cruz",
        "address": "Purok 2, Burgos Street",
        "barangay": "Lico",
        "size": 4,
        "children_count": 0,
        "elderly_count": 1,
        "pwd_count": 0,
        "contact": "09172708357",
        "notes": null
      }
    },
    {
      "type": "Feature",
      "geometry": {
        "type": "Point",
        "coordinates": [
          120.971045,
          14.954457
        ]
      },
      "properties": {
        "household_no": "H-0073",
        "head_name": "Nestor Alcantara",
        "address": "Purok 5, Gov. Padilla Street",
        "barangay": "Lico",
        "size": 5,
        "children_count": 2,
        "elderly_count": 2,
        "pwd_count": 0,
        "contact": "09171398921",
        "notes": null
      }
    },
    {
      "type": "Feature",
      "geometry": {
        "type": "Point",
        "coordinates": [
          120.967961,
          14.950237
        ]
      },
      "properties": {
        "household_no": "H-0074",
        "head_name": "Dante Gonzales",
        "address": "Purok 1, Del Pilar Street",
        "barangay": "Lico",
        "size": 4,
        "children_count": 1,
        "elderly_count": 2,
        "pwd_count": 1,
        "contact": "09176928486",
        "notes": null
      }
    },
    {
      "type": "Feature",
      "geometry": {
        "type": "Point",
        "coordinates": [
          120.987843,
          14.995824
        ]
      },
      "properties": {
        "household_no": "H-0075",
        "head_name": "Carmen Alcantara",
        "address": "Purok 3, Aguinaldo Street",
        "barangay": "Maasim",
        "size": 2,
        "children_count": 1,
        "elderly_count": 0,
        "pwd_count": 1,
        "contact": "09173598122",
        "notes": "Single income earner"
      }
    },
    {
      "type": "Feature",
      "geometry": {
        "type": "Point",
        "coordinates": [
          120.989276,
          14.997094
        ]
      },
      "properties": {
        "household_no": "H-0076",
        "head_name": "Juan Aquino",
        "address": "Purok 2, M. Hizon Street",
        "barangay": "Maasim",
        "size": 2,
        "children_count": 2,
        "elderly_count": 0,
        "pwd_count": 0,
        "contact": "09178727422",
        "notes": null
      }
    },
    {
      "type": "Feature",
      "geometry": {
        "type": "Point",
        "coordinates": [
          120.98806,
          14.997802
        ]
      },
      "properties": {
        "household_no": "H-0077",
        "head_name": "Marites Flores",
        "address": "Purok 3, Del Pilar Street",
        "barangay": "Maasim",
        "size": 8,
        "children_count": 3,
        "elderly_count": 2,
        "pwd_count": 0,
        "contact": "09172143137",
        "notes": null
      }
    },
    {
      "type": "Feature",
      "geometry": {
        "type": "Point",
        "coordinates": [
          120.985405,
          14.993883
        ]
      },
      "properties": {
        "household_no": "H-0078",
        "head_name": "Rosa Garcia",
        "address": "Purok 4, Katubusan Street",
        "barangay": "Maasim",
        "size": 3,
        "children_count": 0,
        "elderly_count": 2,
        "pwd_count": 0,
        "contact": "09178294021",
        "notes": null
      }
    },
    {
      "type": "Feature",
      "geometry": {
        "type": "Point",
        "coordinates": [
          120.985096,
          14.994885
        ]
      },
      "properties": {
        "household_no": "H-0079",
        "head_name": "Carlos Del Rosario",
        "address": "Purok 1, Luna Street",
        "barangay": "Maasim",
        "size": 6,
        "children_count": 3,
        "elderly_count": 0,
        "pwd_count": 0,
        "contact": "09175054984",
        "notes": null
      }
    },
    {
      "type": "Feature",
      "geometry": {
        "type": "Point",
        "coordinates": [
          120.989982,
          14.993073
        ]
      },
      "properties": {
        "household_no": "H-0080",
        "head_name": "Mario Vergara",
        "address": "Purok 4, Liberation Street",
        "barangay": "Maasim",
        "size": 6,
        "children_count": 3,
        "elderly_count": 0,
        "pwd_count": 0,
        "contact": "09172161530",
        "notes": null
      }
    },
    {
      "type": "Feature",
      "geometry": {
        "type": "Point",
        "coordinates": [
          120.990087,
          14.998829
        ]
      },
      "properties": {
        "household_no": "H-0081",
        "head_name": "Maria Villanueva",
        "address": "Purok 2, Burgos Street",
        "barangay": "Maasim",
        "size": 5,
        "children_count": 0,
        "elderly_count": 1,
        "pwd_count": 0,
        "contact": "09178120525",
        "notes": null
      }
    },
    {
      "type": "Feature",
      "geometry": {
        "type": "Point",
        "coordinates": [
          120.96784,
          14.906743
        ]
      },
      "properties": {
        "household_no": "H-0082",
        "head_name": "Marites Yson",
        "address": "Purok 5, M. Hizon Street",
        "barangay": "Mabalas-balas",
        "size": 7,
        "children_count": 0,
        "elderly_count": 2,
        "pwd_count": 0,
        "contact": "09171821731",
        "notes": "Single income earner"
      }
    },
    {
      "type": "Feature",
      "geometry": {
        "type": "Point",
        "coordinates": [
          120.969607,
          14.906527
        ]
      },
      "properties": {
        "household_no": "H-0083",
        "head_name": "Ferdinand Lucero",
        "address": "Purok 4, Gov. Padilla Street",
        "barangay": "Mabalas-balas",
        "size": 2,
        "children_count": 1,
        "elderly_count": 1,
        "pwd_count": 0,
        "contact": "09177403590",
        "notes": null
      }
    },
    {
      "type": "Feature",
      "geometry": {
        "type": "Point",
        "coordinates": [
          120.970404,
          14.910284
        ]
      },
      "properties": {
        "household_no": "H-0084",
        "head_name": "Luzviminda Flores",
        "address": "Purok 1, Bonifacio Street",
        "barangay": "Mabalas-balas",
        "size": 8,
        "children_count": 2,
        "elderly_count": 0,
        "pwd_count": 1,
        "contact": "09176141917",
        "notes": "Single income earner"
      }
    },
    {
      "type": "Feature",
      "geometry": {
        "type": "Point",
        "coordinates": [
          120.968116,
          14.909618
        ]
      },
      "properties": {
        "household_no": "H-0085",
        "head_name": "Juan Espino",
        "address": "Purok 1, Del Pilar Street",
        "barangay": "Mabalas-balas",
        "size": 7,
        "children_count": 2,
        "elderly_count": 1,
        "pwd_count": 0,
        "contact": "09179403837",
        "notes": "Elderly resident living alone"
      }
    },
    {
      "type": "Feature",
      "geometry": {
        "type": "Point",
        "coordinates": [
          120.970251,
          14.909517
        ]
      },
      "properties": {
        "household_no": "H-0086",
        "head_name": "Mario Tomas",
        "address": "Purok 3, Bonifacio Street",
        "barangay": "Mabalas-balas",
        "size": 1,
        "children_count": 1,
        "elderly_count": 0,
        "pwd_count": 0,
        "contact": "09170294717",
        "notes": null
      }
    },
    {
      "type": "Feature",
      "geometry": {
        "type": "Point",
        "coordinates": [
          120.967444,
          14.908316
        ]
      },
      "properties": {
        "household_no": "H-0087",
        "head_name": "Gloria Ilustre",
        "address": "Purok 6, Burgos Street",
        "barangay": "Mabalas-balas",
        "size": 2,
        "children_count": 1,
        "elderly_count": 1,
        "pwd_count": 0,
        "contact": "09171590885",
        "notes": null
      }
    },
    {
      "type": "Feature",
      "geometry": {
        "type": "Point",
        "coordinates": [
          120.969183,
          14.910111
        ]
      },
      "properties": {
        "household_no": "H-0088",
        "head_name": "Gregorio Cruz",
        "address": "Purok 5, Mabini Street",
        "barangay": "Mabalas-balas",
        "size": 6,
        "children_count": 2,
        "elderly_count": 0,
        "pwd_count": 0,
        "contact": "09172644643",
        "notes": null
      }
    },
    {
      "type": "Feature",
      "geometry": {
        "type": "Point",
        "coordinates": [
          120.971362,
          14.908058
        ]
      },
      "properties": {
        "household_no": "H-0089",
        "head_name": "Carlos Castillo",
        "address": "Purok 2, Rizal Street",
        "barangay": "Mabalas-balas",
        "size": 2,
        "children_count": 1,
        "elderly_count": 1,
        "pwd_count": 0,
        "contact": "09178313563",
        "notes": null
      }
    },
    {
      "type": "Feature",
      "geometry": {
        "type": "Point",
        "coordinates": [
          120.967291,
          14.908503
        ]
      },
      "properties": {
        "household_no": "H-0090",
        "head_name": "Isagani Soriano",
        "address": "Purok 6, Del Pilar Street",
        "barangay": "Mabalas-balas",
        "size": 5,
        "children_count": 2,
        "elderly_count": 1,
        "pwd_count": 1,
        "contact": "09177274906",
        "notes": null
      }
    },
    {
      "type": "Feature",
      "geometry": {
        "type": "Point",
        "coordinates": [
          120.984331,
          14.935439
        ]
      },
      "properties": {
        "household_no": "H-0091",
        "head_name": "Pedro Mendoza",
        "address": "Purok 5, Quezon Street",
        "barangay": "Maguinao",
        "size": 3,
        "children_count": 1,
        "elderly_count": 0,
        "pwd_count": 0,
        "contact": "09176479083",
        "notes": "Two infants in household"
      }
    },
    {
      "type": "Feature",
      "geometry": {
        "type": "Point",
        "coordinates": [
          120.984808,
          14.936206
        ]
      },
      "properties": {
        "household_no": "H-0092",
        "head_name": "Marites Buenaventura",
        "address": "Purok 2, Katubusan Street",
        "barangay": "Maguinao",
        "size": 5,
        "children_count": 3,
        "elderly_count": 1,
        "pwd_count": 0,
        "contact": "09177112343",
        "notes": null
      }
    },
    {
      "type": "Feature",
      "geometry": {
        "type": "Point",
        "coordinates": [
          120.981621,
          14.93817
        ]
      },
      "properties": {
        "household_no": "H-0093",
        "head_name": "Mario Flores",
        "address": "Purok 6, Liberation Street",
        "barangay": "Maguinao",
        "size": 5,
        "children_count": 2,
        "elderly_count": 2,
        "pwd_count": 0,
        "contact": "09175002970",
        "notes": null
      }
    },
    {
      "type": "Feature",
      "geometry": {
        "type": "Point",
        "coordinates": [
          120.986839,
          14.933938
        ]
      },
      "properties": {
        "household_no": "H-0094",
        "head_name": "Romeo Mercado",
        "address": "Purok 5, San Jose Street",
        "barangay": "Maguinao",
        "size": 3,
        "children_count": 3,
        "elderly_count": 0,
        "pwd_count": 0,
        "contact": "09172583545",
        "notes": null
      }
    },
    {
      "type": "Feature",
      "geometry": {
        "type": "Point",
        "coordinates": [
          120.986034,
          14.933753
        ]
      },
      "properties": {
        "household_no": "H-0095",
        "head_name": "Lourdes Santianez",
        "address": "Purok 6, Rizal Street",
        "barangay": "Maguinao",
        "size": 1,
        "children_count": 0,
        "elderly_count": 0,
        "pwd_count": 0,
        "contact": "09178716369",
        "notes": null
      }
    },
    {
      "type": "Feature",
      "geometry": {
        "type": "Point",
        "coordinates": [
          120.986635,
          14.937054
        ]
      },
      "properties": {
        "household_no": "H-0096",
        "head_name": "Myra Domingo",
        "address": "Purok 6, Del Pilar Street",
        "barangay": "Maguinao",
        "size": 5,
        "children_count": 2,
        "elderly_count": 2,
        "pwd_count": 0,
        "contact": "09179349818",
        "notes": null
      }
    },
    {
      "type": "Feature",
      "geometry": {
        "type": "Point",
        "coordinates": [
          120.987451,
          14.934724
        ]
      },
      "properties": {
        "household_no": "H-0097",
        "head_name": "Cecilia Castillo",
        "address": "Purok 4, Aguinaldo Street",
        "barangay": "Maguinao",
        "size": 4,
        "children_count": 3,
        "elderly_count": 0,
        "pwd_count": 0,
        "contact": "09171259889",
        "notes": "Elderly resident living alone"
      }
    },
    {
      "type": "Feature",
      "geometry": {
        "type": "Point",
        "coordinates": [
          120.962604,
          14.991017
        ]
      },
      "properties": {
        "household_no": "H-0098",
        "head_name": "Fe Magpayo",
        "address": "Purok 6, Mabini Street",
        "barangay": "Maronquillo",
        "size": 7,
        "children_count": 1,
        "elderly_count": 2,
        "pwd_count": 0,
        "contact": "09179760818",
        "notes": "Assisted breathing device"
      }
    },
    {
      "type": "Feature",
      "geometry": {
        "type": "Point",
        "coordinates": [
          120.960899,
          14.991052
        ]
      },
      "properties": {
        "household_no": "H-0099",
        "head_name": "Ferdinand Domingo",
        "address": "Purok 5, San Jose Street",
        "barangay": "Maronquillo",
        "size": 2,
        "children_count": 1,
        "elderly_count": 0,
        "pwd_count": 0,
        "contact": "09179184166",
        "notes": null
      }
    },
    {
      "type": "Feature",
      "geometry": {
        "type": "Point",
        "coordinates": [
          120.960866,
          14.990251
        ]
      },
      "properties": {
        "household_no": "H-0100",
        "head_name": "Gloria Vergara",
        "address": "Purok 5, P. Burgos Street",
        "barangay": "Maronquillo",
        "size": 6,
        "children_count": 0,
        "elderly_count": 1,
        "pwd_count": 0,
        "contact": "09170813043",
        "notes": null
      }
    },
    {
      "type": "Feature",
      "geometry": {
        "type": "Point",
        "coordinates": [
          120.960751,
          14.992761
        ]
      },
      "properties": {
        "household_no": "H-0101",
        "head_name": "Liza Flores",
        "address": "Purok 1, Del Pilar Street",
        "barangay": "Maronquillo",
        "size": 4,
        "children_count": 3,
        "elderly_count": 0,
        "pwd_count": 0,
        "contact": "09176087549",
        "notes": null
      }
    },
    {
      "type": "Feature",
      "geometry": {
        "type": "Point",
        "coordinates": [
          120.963945,
          14.988096
        ]
      },
      "properties": {
        "household_no": "H-0102",
        "head_name": "Ana Bautista",
        "address": "Purok 6, San Jose Street",
        "barangay": "Maronquillo",
        "size": 6,
        "children_count": 2,
        "elderly_count": 2,
        "pwd_count": 0,
        "contact": "09173772947",
        "notes": null
      }
    },
    {
      "type": "Feature",
      "geometry": {
        "type": "Point",
        "coordinates": [
          120.960287,
          14.988157
        ]
      },
      "properties": {
        "household_no": "H-0103",
        "head_name": "Fe Bautista",
        "address": "Purok 5, Aguinaldo Street",
        "barangay": "Maronquillo",
        "size": 6,
        "children_count": 2,
        "elderly_count": 0,
        "pwd_count": 0,
        "contact": "09176529314",
        "notes": null
      }
    },
    {
      "type": "Feature",
      "geometry": {
        "type": "Point",
        "coordinates": [
          120.964659,
          14.989717
        ]
      },
      "properties": {
        "household_no": "H-0104",
        "head_name": "Teresa Gonzales",
        "address": "Purok 3, Gov. Padilla Street",
        "barangay": "Maronquillo",
        "size": 3,
        "children_count": 0,
        "elderly_count": 1,
        "pwd_count": 1,
        "contact": "09173186512",
        "notes": null
      }
    },
    {
      "type": "Feature",
      "geometry": {
        "type": "Point",
        "coordinates": [
          120.960488,
          14.988494
        ]
      },
      "properties": {
        "household_no": "H-0105",
        "head_name": "Dante Del Rosario",
        "address": "Purok 2, San Jose Street",
        "barangay": "Maronquillo",
        "size": 3,
        "children_count": 2,
        "elderly_count": 1,
        "pwd_count": 0,
        "contact": "09171451346",
        "notes": null
      }
    },
    {
      "type": "Feature",
      "geometry": {
        "type": "Point",
        "coordinates": [
          120.957119,
          14.919757
        ]
      },
      "properties": {
        "household_no": "H-0106",
        "head_name": "Maria Bautista",
        "address": "Purok 6, Liberation Street",
        "barangay": "Paco",
        "size": 6,
        "children_count": 3,
        "elderly_count": 1,
        "pwd_count": 0,
        "contact": "09170443677",
        "notes": null
      }
    },
    {
      "type": "Feature",
      "geometry": {
        "type": "Point",
        "coordinates": [
          120.961018,
          14.919281
        ]
      },
      "properties": {
        "household_no": "H-0107",
        "head_name": "Liza Tomas",
        "address": "Purok 6, Jacinto Street",
        "barangay": "Paco",
        "size": 5,
        "children_count": 2,
        "elderly_count": 0,
        "pwd_count": 0,
        "contact": "09177965345",
        "notes": null
      }
    },
    {
      "type": "Feature",
      "geometry": {
        "type": "Point",
        "coordinates": [
          120.962487,
          14.921627
        ]
      },
      "properties": {
        "household_no": "H-0108",
        "head_name": "Pedro Santiago",
        "address": "Purok 2, M. Hizon Street",
        "barangay": "Paco",
        "size": 4,
        "children_count": 3,
        "elderly_count": 1,
        "pwd_count": 0,
        "contact": "09175987354",
        "notes": null
      }
    },
    {
      "type": "Feature",
      "geometry": {
        "type": "Point",
        "coordinates": [
          120.958141,
          14.917715
        ]
      },
      "properties": {
        "household_no": "H-0109",
        "head_name": "Maria Mendoza",
        "address": "Purok 2, Aguinaldo Street",
        "barangay": "Paco",
        "size": 1,
        "children_count": 1,
        "elderly_count": 0,
        "pwd_count": 0,
        "contact": "09170351234",
        "notes": null
      }
    },
    {
      "type": "Feature",
      "geometry": {
        "type": "Point",
        "coordinates": [
          120.960042,
          14.921215
        ]
      },
      "properties": {
        "household_no": "H-0110",
        "head_name": "Gloria Buenaventura",
        "address": "Purok 2, Gov. Padilla Street",
        "barangay": "Paco",
        "size": 4,
        "children_count": 2,
        "elderly_count": 0,
        "pwd_count": 0,
        "contact": "09174256656",
        "notes": null
      }
    },
    {
      "type": "Feature",
      "geometry": {
        "type": "Point",
        "coordinates": [
          120.957685,
          14.921105
        ]
      },
      "properties": {
        "household_no": "H-0111",
        "head_name": "Liza Vergara",
        "address": "Purok 1, Quezon Street",
        "barangay": "Paco",
        "size": 3,
        "children_count": 1,
        "elderly_count": 1,
        "pwd_count": 0,
        "contact": "09170865438",
        "notes": null
      }
    },
    {
      "type": "Feature",
      "geometry": {
        "type": "Point",
        "coordinates": [
          120.957879,
          14.921335
        ]
      },
      "properties": {
        "household_no": "H-0112",
        "head_name": "Isagani Castillo",
        "address": "Purok 1, Mabini Street",
        "barangay": "Paco",
        "size": 4,
        "children_count": 3,
        "elderly_count": 1,
        "pwd_count": 0,
        "contact": "09172690965",
        "notes": "Elderly resident living alone"
      }
    },
    {
      "type": "Feature",
      "geometry": {
        "type": "Point",
        "coordinates": [
          120.959339,
          14.921055
        ]
      },
      "properties": {
        "household_no": "H-0113",
        "head_name": "Divina Gutierrez",
        "address": "Purok 5, M. Hizon Street",
        "barangay": "Paco",
        "size": 6,
        "children_count": 3,
        "elderly_count": 2,
        "pwd_count": 0,
        "contact": "09171125091",
        "notes": null
      }
    },
    {
      "type": "Feature",
      "geometry": {
        "type": "Point",
        "coordinates": [
          120.957699,
          14.919031
        ]
      },
      "properties": {
        "household_no": "H-0114",
        "head_name": "Gloria Pascual",
        "address": "Purok 2, P. Burgos Street",
        "barangay": "Paco",
        "size": 6,
        "children_count": 1,
        "elderly_count": 2,
        "pwd_count": 0,
        "contact": "09173793889",
        "notes": null
      }
    },
    {
      "type": "Feature",
      "geometry": {
        "type": "Point",
        "coordinates": [
          120.942914,
          14.910264
        ]
      },
      "properties": {
        "household_no": "H-0115",
        "head_name": "Elena Yson",
        "address": "Purok 3, San Jose Street",
        "barangay": "Pansumaloc",
        "size": 4,
        "children_count": 0,
        "elderly_count": 1,
        "pwd_count": 0,
        "contact": "09172279436",
        "notes": null
      }
    },
    {
      "type": "Feature",
      "geometry": {
        "type": "Point",
        "coordinates": [
          120.9446,
          14.911903
        ]
      },
      "properties": {
        "household_no": "H-0116",
        "head_name": "Gregorio Ocampo",
        "address": "Purok 6, M. Hizon Street",
        "barangay": "Pansumaloc",
        "size": 6,
        "children_count": 1,
        "elderly_count": 1,
        "pwd_count": 0,
        "contact": "09175771909",
        "notes": null
      }
    },
    {
      "type": "Feature",
      "geometry": {
        "type": "Point",
        "coordinates": [
          120.945253,
          14.915345
        ]
      },
      "properties": {
        "household_no": "H-0117",
        "head_name": "Andres Tomas",
        "address": "Purok 5, Gov. Padilla Street",
        "barangay": "Pansumaloc",
        "size": 4,
        "children_count": 3,
        "elderly_count": 0,
        "pwd_count": 0,
        "contact": "09171176926",
        "notes": "Single income earner"
      }
    },
    {
      "type": "Feature",
      "geometry": {
        "type": "Point",
        "coordinates": [
          120.947937,
          14.915134
        ]
      },
      "properties": {
        "household_no": "H-0118",
        "head_name": "Elena Domingo",
        "address": "Purok 3, Rizal Street",
        "barangay": "Pansumaloc",
        "size": 3,
        "children_count": 2,
        "elderly_count": 0,
        "pwd_count": 0,
        "contact": "09173510283",
        "notes": null
      }
    },
    {
      "type": "Feature",
      "geometry": {
        "type": "Point",
        "coordinates": [
          120.944858,
          14.914855
        ]
      },
      "properties": {
        "household_no": "H-0119",
        "head_name": "Divina Lucero",
        "address": "Purok 2, Del Pilar Street",
        "barangay": "Pansumaloc",
        "size": 7,
        "children_count": 1,
        "elderly_count": 2,
        "pwd_count": 0,
        "contact": "09172274453",
        "notes": "No electricity connection"
      }
    },
    {
      "type": "Feature",
      "geometry": {
        "type": "Point",
        "coordinates": [
          120.943953,
          14.912615
        ]
      },
      "properties": {
        "household_no": "H-0120",
        "head_name": "Mario Lucero",
        "address": "Purok 5, Liberation Street",
        "barangay": "Pansumaloc",
        "size": 1,
        "children_count": 1,
        "elderly_count": 0,
        "pwd_count": 0,
        "contact": "09177171246",
        "notes": null
      }
    },
    {
      "type": "Feature",
      "geometry": {
        "type": "Point",
        "coordinates": [
          120.94631,
          14.911904
        ]
      },
      "properties": {
        "household_no": "H-0121",
        "head_name": "Gregorio Gonzales",
        "address": "Purok 4, San Jose Street",
        "barangay": "Pansumaloc",
        "size": 5,
        "children_count": 0,
        "elderly_count": 0,
        "pwd_count": 0,
        "contact": "09179902625",
        "notes": null
      }
    },
    {
      "type": "Feature",
      "geometry": {
        "type": "Point",
        "coordinates": [
          120.945226,
          14.912203
        ]
      },
      "properties": {
        "household_no": "H-0122",
        "head_name": "Liza Mercado",
        "address": "Purok 1, M. Hizon Street",
        "barangay": "Pansumaloc",
        "size": 4,
        "children_count": 1,
        "elderly_count": 1,
        "pwd_count": 0,
        "contact": "09176357654",
        "notes": null
      }
    },
    {
      "type": "Feature",
      "geometry": {
        "type": "Point",
        "coordinates": [
          120.937992,
          14.969216
        ]
      },
      "properties": {
        "household_no": "H-0123",
        "head_name": "Ferdinand Lucero",
        "address": "Purok 2, Del Pilar Street",
        "barangay": "Pantubig",
        "size": 6,
        "children_count": 0,
        "elderly_count": 2,
        "pwd_count": 0,
        "contact": "09175776567",
        "notes": null
      }
    },
    {
      "type": "Feature",
      "geometry": {
        "type": "Point",
        "coordinates": [
          120.93297,
          14.968789
        ]
      },
      "properties": {
        "household_no": "H-0124",
        "head_name": "Cecilia Ramos",
        "address": "Purok 5, Aguinaldo Street",
        "barangay": "Pantubig",
        "size": 8,
        "children_count": 1,
        "elderly_count": 0,
        "pwd_count": 0,
        "contact": "09170213269",
        "notes": null
      }
    },
    {
      "type": "Feature",
      "geometry": {
        "type": "Point",
        "coordinates": [
          120.937278,
          14.966247
        ]
      },
      "properties": {
        "household_no": "H-0125",
        "head_name": "Liza Buenaventura",
        "address": "Purok 6, Bonifacio Street",
        "barangay": "Pantubig",
        "size": 4,
        "children_count": 0,
        "elderly_count": 1,
        "pwd_count": 0,
        "contact": "09175304116",
        "notes": null
      }
    },
    {
      "type": "Feature",
      "geometry": {
        "type": "Point",
        "coordinates": [
          120.934826,
          14.969957
        ]
      },
      "properties": {
        "household_no": "H-0126",
        "head_name": "Benito Ramos",
        "address": "Purok 2, Mabini Street",
        "barangay": "Pantubig",
        "size": 5,
        "children_count": 2,
        "elderly_count": 1,
        "pwd_count": 1,
        "contact": "09171011030",
        "notes": null
      }
    },
    {
      "type": "Feature",
      "geometry": {
        "type": "Point",
        "coordinates": [
          120.932606,
          14.969644
        ]
      },
      "properties": {
        "household_no": "H-0127",
        "head_name": "Gloria Torres",
        "address": "Purok 3, Katubusan Street",
        "barangay": "Pantubig",
        "size": 8,
        "children_count": 2,
        "elderly_count": 1,
        "pwd_count": 0,
        "contact": "09171975919",
        "notes": null
      }
    },
    {
      "type": "Feature",
      "geometry": {
        "type": "Point",
        "coordinates": [
          120.952802,
          14.97863
        ]
      },
      "properties": {
        "household_no": "H-0128",
        "head_name": "Lourdes Santiago",
        "address": "Purok 3, Quezon Street",
        "barangay": "Pasong Bangkal",
        "size": 4,
        "children_count": 2,
        "elderly_count": 1,
        "pwd_count": 0,
        "contact": "09170189106",
        "notes": "Recently relocated from flood-prone area"
      }
    },
    {
      "type": "Feature",
      "geometry": {
        "type": "Point",
        "coordinates": [
          120.955407,
          14.979379
        ]
      },
      "properties": {
        "household_no": "H-0129",
        "head_name": "Ramon Santiago",
        "address": "Purok 6, Rizal Street",
        "barangay": "Pasong Bangkal",
        "size": 1,
        "children_count": 0,
        "elderly_count": 0,
        "pwd_count": 1,
        "contact": "09173528496",
        "notes": null
      }
    },
    {
      "type": "Feature",
      "geometry": {
        "type": "Point",
        "coordinates": [
          120.951328,
          14.983212
        ]
      },
      "properties": {
        "household_no": "H-0130",
        "head_name": "Edwin Santiago",
        "address": "Purok 6, M.H. del Pilar Street",
        "barangay": "Pasong Bangkal",
        "size": 2,
        "children_count": 2,
        "elderly_count": 0,
        "pwd_count": 0,
        "contact": "09174598370",
        "notes": null
      }
    },
    {
      "type": "Feature",
      "geometry": {
        "type": "Point",
        "coordinates": [
          120.952877,
          14.98249
        ]
      },
      "properties": {
        "household_no": "H-0131",
        "head_name": "Reynaldo Del Rosario",
        "address": "Purok 5, Rizal Street",
        "barangay": "Pasong Bangkal",
        "size": 4,
        "children_count": 1,
        "elderly_count": 2,
        "pwd_count": 0,
        "contact": "09177136226",
        "notes": null
      }
    },
    {
      "type": "Feature",
      "geometry": {
        "type": "Point",
        "coordinates": [
          120.954187,
          14.978936
        ]
      },
      "properties": {
        "household_no": "H-0132",
        "head_name": "Andres Alcantara",
        "address": "Purok 2, Aguinaldo Street",
        "barangay": "Pasong Bangkal",
        "size": 5,
        "children_count": 3,
        "elderly_count": 1,
        "pwd_count": 0,
        "contact": "09178329777",
        "notes": null
      }
    },
    {
      "type": "Feature",
      "geometry": {
        "type": "Point",
        "coordinates": [
          120.956304,
          14.980144
        ]
      },
      "properties": {
        "household_no": "H-0133",
        "head_name": "Cecilia Magpayo",
        "address": "Purok 2, Rizal Street",
        "barangay": "Pasong Bangkal",
        "size": 5,
        "children_count": 1,
        "elderly_count": 2,
        "pwd_count": 0,
        "contact": "09178538803",
        "notes": null
      }
    },
    {
      "type": "Feature",
      "geometry": {
        "type": "Point",
        "coordinates": [
          120.968909,
          14.963389
        ]
      },
      "properties": {
        "household_no": "H-0134",
        "head_name": "Teresa Reyes",
        "address": "Purok 2, Quezon Street",
        "barangay": "Pasong Callos",
        "size": 3,
        "children_count": 1,
        "elderly_count": 2,
        "pwd_count": 0,
        "contact": "09173637381",
        "notes": null
      }
    },
    {
      "type": "Feature",
      "geometry": {
        "type": "Point",
        "coordinates": [
          120.969068,
          14.966401
        ]
      },
      "properties": {
        "household_no": "H-0135",
        "head_name": "Mercedes Garcia",
        "address": "Purok 4, Liberation Street",
        "barangay": "Pasong Callos",
        "size": 6,
        "children_count": 0,
        "elderly_count": 0,
        "pwd_count": 0,
        "contact": "09173647901",
        "notes": null
      }
    },
    {
      "type": "Feature",
      "geometry": {
        "type": "Point",
        "coordinates": [
          120.970641,
          14.965443
        ]
      },
      "properties": {
        "household_no": "H-0136",
        "head_name": "Andres Santianez",
        "address": "Purok 6, Katubusan Street",
        "barangay": "Pasong Callos",
        "size": 3,
        "children_count": 1,
        "elderly_count": 2,
        "pwd_count": 0,
        "contact": "09173685666",
        "notes": null
      }
    },
    {
      "type": "Feature",
      "geometry": {
        "type": "Point",
        "coordinates": [
          120.968203,
          14.964522
        ]
      },
      "properties": {
        "household_no": "H-0137",
        "head_name": "Marites Ilustre",
        "address": "Purok 2, M.H. del Pilar Street",
        "barangay": "Pasong Callos",
        "size": 2,
        "children_count": 0,
        "elderly_count": 1,
        "pwd_count": 0,
        "contact": "09174760904",
        "notes": null
      }
    },
    {
      "type": "Feature",
      "geometry": {
        "type": "Point",
        "coordinates": [
          120.972257,
          14.965406
        ]
      },
      "properties": {
        "household_no": "H-0138",
        "head_name": "Noli Cruz",
        "address": "Purok 6, Rizal Street",
        "barangay": "Pasong Callos",
        "size": 6,
        "children_count": 3,
        "elderly_count": 2,
        "pwd_count": 0,
        "contact": "09171868979",
        "notes": null
      }
    },
    {
      "type": "Feature",
      "geometry": {
        "type": "Point",
        "coordinates": [
          120.971928,
          14.965458
        ]
      },
      "properties": {
        "household_no": "H-0139",
        "head_name": "Romeo Soriano",
        "address": "Purok 3, Bonifacio Street",
        "barangay": "Pasong Callos",
        "size": 1,
        "children_count": 1,
        "elderly_count": 0,
        "pwd_count": 0,
        "contact": "09171674315",
        "notes": null
      }
    },
    {
      "type": "Feature",
      "geometry": {
        "type": "Point",
        "coordinates": [
          120.970173,
          14.96694
        ]
      },
      "properties": {
        "household_no": "H-0140",
        "head_name": "Mario Flores",
        "address": "Purok 1, Gov. Padilla Street",
        "barangay": "Pasong Callos",
        "size": 5,
        "children_count": 0,
        "elderly_count": 2,
        "pwd_count": 0,
        "contact": "09179422322",
        "notes": null
      }
    },
    {
      "type": "Feature",
      "geometry": {
        "type": "Point",
        "coordinates": [
          120.967851,
          14.966481
        ]
      },
      "properties": {
        "household_no": "H-0141",
        "head_name": "Jonalyn Buenaventura",
        "address": "Purok 1, M. Hizon Street",
        "barangay": "Pasong Intsik",
        "size": 5,
        "children_count": 2,
        "elderly_count": 2,
        "pwd_count": 0,
        "contact": "09170350592",
        "notes": null
      }
    },
    {
      "type": "Feature",
      "geometry": {
        "type": "Point",
        "coordinates": [
          120.966622,
          14.961971
        ]
      },
      "properties": {
        "household_no": "H-0142",
        "head_name": "Luzviminda Salazar",
        "address": "Purok 4, Luna Street",
        "barangay": "Pasong Intsik",
        "size": 7,
        "children_count": 2,
        "elderly_count": 1,
        "pwd_count": 0,
        "contact": "09178014195",
        "notes": null
      }
    },
    {
      "type": "Feature",
      "geometry": {
        "type": "Point",
        "coordinates": [
          120.968134,
          14.964564
        ]
      },
      "properties": {
        "household_no": "H-0143",
        "head_name": "Reynaldo Castillo",
        "address": "Purok 1, Mabini Street",
        "barangay": "Pasong Intsik",
        "size": 2,
        "children_count": 1,
        "elderly_count": 0,
        "pwd_count": 0,
        "contact": "09179511251",
        "notes": null
      }
    },
    {
      "type": "Feature",
      "geometry": {
        "type": "Point",
        "coordinates": [
          120.963753,
          14.961749
        ]
      },
      "properties": {
        "household_no": "H-0144",
        "head_name": "Maria Santos",
        "address": "Purok 5, Del Pilar Street",
        "barangay": "Pasong Intsik",
        "size": 4,
        "children_count": 0,
        "elderly_count": 2,
        "pwd_count": 0,
        "contact": "09179715571",
        "notes": null
      }
    },
    {
      "type": "Feature",
      "geometry": {
        "type": "Point",
        "coordinates": [
          120.966408,
          14.967024
        ]
      },
      "properties": {
        "household_no": "H-0145",
        "head_name": "Divina Cruz",
        "address": "Purok 2, Bonifacio Street",
        "barangay": "Pasong Intsik",
        "size": 1,
        "children_count": 1,
        "elderly_count": 0,
        "pwd_count": 0,
        "contact": "09175804504",
        "notes": null
      }
    },
    {
      "type": "Feature",
      "geometry": {
        "type": "Point",
        "coordinates": [
          120.969197,
          14.966939
        ]
      },
      "properties": {
        "household_no": "H-0146",
        "head_name": "Edwin Santiago",
        "address": "Purok 6, M. Hizon Street",
        "barangay": "Pasong Intsik",
        "size": 6,
        "children_count": 2,
        "elderly_count": 1,
        "pwd_count": 0,
        "contact": "09174488317",
        "notes": null
      }
    },
    {
      "type": "Feature",
      "geometry": {
        "type": "Point",
        "coordinates": [
          120.976751,
          14.952195
        ]
      },
      "properties": {
        "household_no": "H-0147",
        "head_name": "Reynaldo Ramos",
        "address": "Purok 2, P. Burgos Street",
        "barangay": "Pinacpinacan",
        "size": 1,
        "children_count": 0,
        "elderly_count": 1,
        "pwd_count": 0,
        "contact": "09175415349",
        "notes": null
      }
    },
    {
      "type": "Feature",
      "geometry": {
        "type": "Point",
        "coordinates": [
          120.974785,
          14.948224
        ]
      },
      "properties": {
        "household_no": "H-0148",
        "head_name": "Lourdes Castillo",
        "address": "Purok 2, Quezon Street",
        "barangay": "Pinacpinacan",
        "size": 6,
        "children_count": 2,
        "elderly_count": 2,
        "pwd_count": 0,
        "contact": "09172392786",
        "notes": null
      }
    },
    {
      "type": "Feature",
      "geometry": {
        "type": "Point",
        "coordinates": [
          120.974384,
          14.952923
        ]
      },
      "properties": {
        "household_no": "H-0149",
        "head_name": "Divina Mendoza",
        "address": "Purok 4, Rizal Street",
        "barangay": "Pinacpinacan",
        "size": 8,
        "children_count": 3,
        "elderly_count": 0,
        "pwd_count": 0,
        "contact": "09170764221",
        "notes": null
      }
    },
    {
      "type": "Feature",
      "geometry": {
        "type": "Point",
        "coordinates": [
          120.973379,
          14.948629
        ]
      },
      "properties": {
        "household_no": "H-0150",
        "head_name": "Rosa Yson",
        "address": "Purok 3, P. Burgos Street",
        "barangay": "Pinacpinacan",
        "size": 3,
        "children_count": 2,
        "elderly_count": 1,
        "pwd_count": 0,
        "contact": "09174456953",
        "notes": null
      }
    },
    {
      "type": "Feature",
      "geometry": {
        "type": "Point",
        "coordinates": [
          120.973596,
          14.952872
        ]
      },
      "properties": {
        "household_no": "H-0151",
        "head_name": "Gloria Flores",
        "address": "Purok 3, Jacinto Street",
        "barangay": "Pinacpinacan",
        "size": 4,
        "children_count": 3,
        "elderly_count": 0,
        "pwd_count": 0,
        "contact": "09170091141",
        "notes": null
      }
    },
    {
      "type": "Feature",
      "geometry": {
        "type": "Point",
        "coordinates": [
          120.971569,
          14.948911
        ]
      },
      "properties": {
        "household_no": "H-0152",
        "head_name": "Romeo Garcia",
        "address": "Purok 3, Del Pilar Street",
        "barangay": "Pinacpinacan",
        "size": 4,
        "children_count": 3,
        "elderly_count": 0,
        "pwd_count": 0,
        "contact": "09171408938",
        "notes": null
      }
    },
    {
      "type": "Feature",
      "geometry": {
        "type": "Point",
        "coordinates": [
          120.973722,
          14.950218
        ]
      },
      "properties": {
        "household_no": "H-0153",
        "head_name": "Imelda Mercado",
        "address": "Purok 6, Del Pilar Street",
        "barangay": "Pinacpinacan",
        "size": 2,
        "children_count": 1,
        "elderly_count": 1,
        "pwd_count": 0,
        "contact": "09171516200",
        "notes": null
      }
    },
    {
      "type": "Feature",
      "geometry": {
        "type": "Point",
        "coordinates": [
          120.975086,
          14.949674
        ]
      },
      "properties": {
        "household_no": "H-0154",
        "head_name": "Benito Ong",
        "address": "Purok 3, Mabini Street",
        "barangay": "Pinacpinacan",
        "size": 4,
        "children_count": 3,
        "elderly_count": 1,
        "pwd_count": 0,
        "contact": "09176443530",
        "notes": null
      }
    },
    {
      "type": "Feature",
      "geometry": {
        "type": "Point",
        "coordinates": [
          120.964137,
          14.956498
        ]
      },
      "properties": {
        "household_no": "H-0155",
        "head_name": "Maria Santos",
        "address": "Purok 3, M.H. del Pilar Street",
        "barangay": "Poblacion",
        "size": 4,
        "children_count": 0,
        "elderly_count": 1,
        "pwd_count": 0,
        "contact": "09175749470",
        "notes": null
      }
    },
    {
      "type": "Feature",
      "geometry": {
        "type": "Point",
        "coordinates": [
          120.961218,
          14.957668
        ]
      },
      "properties": {
        "household_no": "H-0156",
        "head_name": "Ana Tomas",
        "address": "Purok 3, Luna Street",
        "barangay": "Poblacion",
        "size": 8,
        "children_count": 2,
        "elderly_count": 2,
        "pwd_count": 0,
        "contact": "09177410682",
        "notes": null
      }
    },
    {
      "type": "Feature",
      "geometry": {
        "type": "Point",
        "coordinates": [
          120.963776,
          14.954655
        ]
      },
      "properties": {
        "household_no": "H-0157",
        "head_name": "Reynaldo Salazar",
        "address": "Purok 1, P. Burgos Street",
        "barangay": "Poblacion",
        "size": 7,
        "children_count": 2,
        "elderly_count": 1,
        "pwd_count": 0,
        "contact": "09171459167",
        "notes": null
      }
    },
    {
      "type": "Feature",
      "geometry": {
        "type": "Point",
        "coordinates": [
          120.960113,
          14.955752
        ]
      },
      "properties": {
        "household_no": "H-0158",
        "head_name": "Ramon Flores",
        "address": "Purok 2, Burgos Street",
        "barangay": "Poblacion",
        "size": 1,
        "children_count": 0,
        "elderly_count": 0,
        "pwd_count": 0,
        "contact": "09178726282",
        "notes": "Recently relocated from flood-prone area"
      }
    },
    {
      "type": "Feature",
      "geometry": {
        "type": "Point",
        "coordinates": [
          120.962251,
          14.955952
        ]
      },
      "properties": {
        "household_no": "H-0159",
        "head_name": "Maria Lucero",
        "address": "Purok 5, P. Burgos Street",
        "barangay": "Poblacion",
        "size": 5,
        "children_count": 3,
        "elderly_count": 2,
        "pwd_count": 0,
        "contact": "09172481331",
        "notes": "Two infants in household"
      }
    },
    {
      "type": "Feature",
      "geometry": {
        "type": "Point",
        "coordinates": [
          120.961467,
          14.957344
        ]
      },
      "properties": {
        "household_no": "H-0160",
        "head_name": "Rosa Aquino",
        "address": "Purok 4, Del Pilar Street",
        "barangay": "Poblacion",
        "size": 4,
        "children_count": 2,
        "elderly_count": 2,
        "pwd_count": 0,
        "contact": "09173016621",
        "notes": "Single income earner"
      }
    },
    {
      "type": "Feature",
      "geometry": {
        "type": "Point",
        "coordinates": [
          120.961079,
          14.954213
        ]
      },
      "properties": {
        "household_no": "H-0161",
        "head_name": "Marites Cruz",
        "address": "Purok 2, Del Pilar Street",
        "barangay": "Poblacion",
        "size": 2,
        "children_count": 2,
        "elderly_count": 0,
        "pwd_count": 0,
        "contact": "09174998619",
        "notes": null
      }
    },
    {
      "type": "Feature",
      "geometry": {
        "type": "Point",
        "coordinates": [
          120.969094,
          14.940203
        ]
      },
      "properties": {
        "household_no": "H-0162",
        "head_name": "Maria Castillo",
        "address": "Purok 4, Luna Street",
        "barangay": "Pulo",
        "size": 4,
        "children_count": 1,
        "elderly_count": 0,
        "pwd_count": 0,
        "contact": "09175523102",
        "notes": "Pregnant member"
      }
    },
    {
      "type": "Feature",
      "geometry": {
        "type": "Point",
        "coordinates": [
          120.968417,
          14.940111
        ]
      },
      "properties": {
        "household_no": "H-0163",
        "head_name": "Carmen Villanueva",
        "address": "Purok 3, Burgos Street",
        "barangay": "Pulo",
        "size": 3,
        "children_count": 2,
        "elderly_count": 1,
        "pwd_count": 0,
        "contact": "09171585928",
        "notes": null
      }
    },
    {
      "type": "Feature",
      "geometry": {
        "type": "Point",
        "coordinates": [
          120.965567,
          14.937366
        ]
      },
      "properties": {
        "household_no": "H-0164",
        "head_name": "Marites Vergara",
        "address": "Purok 5, Jacinto Street",
        "barangay": "Pulo",
        "size": 4,
        "children_count": 0,
        "elderly_count": 1,
        "pwd_count": 0,
        "contact": "09171102075",
        "notes": null
      }
    },
    {
      "type": "Feature",
      "geometry": {
        "type": "Point",
        "coordinates": [
          120.968336,
          14.941411
        ]
      },
      "properties": {
        "household_no": "H-0165",
        "head_name": "Antonio Alcantara",
        "address": "Purok 3, Liberation Street",
        "barangay": "Pulo",
        "size": 5,
        "children_count": 3,
        "elderly_count": 0,
        "pwd_count": 0,
        "contact": "09176310742",
        "notes": null
      }
    },
    {
      "type": "Feature",
      "geometry": {
        "type": "Point",
        "coordinates": [
          120.966491,
          14.937467
        ]
      },
      "properties": {
        "household_no": "H-0166",
        "head_name": "Mario Santianez",
        "address": "Purok 2, Luna Street",
        "barangay": "Pulo",
        "size": 6,
        "children_count": 1,
        "elderly_count": 0,
        "pwd_count": 1,
        "contact": "09179800470",
        "notes": "Two infants in household"
      }
    },
    {
      "type": "Feature",
      "geometry": {
        "type": "Point",
        "coordinates": [
          120.967377,
          14.937201
        ]
      },
      "properties": {
        "household_no": "H-0167",
        "head_name": "Luzviminda Ramos",
        "address": "Purok 5, San Jose Street",
        "barangay": "Pulo",
        "size": 5,
        "children_count": 3,
        "elderly_count": 2,
        "pwd_count": 0,
        "contact": "09174352380",
        "notes": null
      }
    },
    {
      "type": "Feature",
      "geometry": {
        "type": "Point",
        "coordinates": [
          120.976923,
          14.926118
        ]
      },
      "properties": {
        "household_no": "H-0168",
        "head_name": "Lourdes Pascual",
        "address": "Purok 4, Mabini Street",
        "barangay": "Pulong Bayabas",
        "size": 7,
        "children_count": 0,
        "elderly_count": 1,
        "pwd_count": 0,
        "contact": "09170834237",
        "notes": null
      }
    },
    {
      "type": "Feature",
      "geometry": {
        "type": "Point",
        "coordinates": [
          120.975846,
          14.92762
        ]
      },
      "properties": {
        "household_no": "H-0169",
        "head_name": "Carmen Cruz",
        "address": "Purok 4, Bonifacio Street",
        "barangay": "Pulong Bayabas",
        "size": 1,
        "children_count": 1,
        "elderly_count": 0,
        "pwd_count": 0,
        "contact": "09170157026",
        "notes": "Needs wheelchair access"
      }
    },
    {
      "type": "Feature",
      "geometry": {
        "type": "Point",
        "coordinates": [
          120.978304,
          14.926269
        ]
      },
      "properties": {
        "household_no": "H-0170",
        "head_name": "Gregorio Serrano",
        "address": "Purok 2, Katubusan Street",
        "barangay": "Pulong Bayabas",
        "size": 3,
        "children_count": 2,
        "elderly_count": 0,
        "pwd_count": 0,
        "contact": "09171837955",
        "notes": null
      }
    },
    {
      "type": "Feature",
      "geometry": {
        "type": "Point",
        "coordinates": [
          120.978685,
          14.923768
        ]
      },
      "properties": {
        "household_no": "H-0171",
        "head_name": "Andres Ramos",
        "address": "Purok 6, Luna Street",
        "barangay": "Pulong Bayabas",
        "size": 3,
        "children_count": 0,
        "elderly_count": 0,
        "pwd_count": 0,
        "contact": "09171360951",
        "notes": null
      }
    },
    {
      "type": "Feature",
      "geometry": {
        "type": "Point",
        "coordinates": [
          120.980652,
          14.927012
        ]
      },
      "properties": {
        "household_no": "H-0172",
        "head_name": "Nestor Del Rosario",
        "address": "Purok 4, M.H. del Pilar Street",
        "barangay": "Pulong Bayabas",
        "size": 4,
        "children_count": 2,
        "elderly_count": 1,
        "pwd_count": 0,
        "contact": "09174765205",
        "notes": null
      }
    },
    {
      "type": "Feature",
      "geometry": {
        "type": "Point",
        "coordinates": [
          120.977834,
          14.948333
        ]
      },
      "properties": {
        "household_no": "H-0173",
        "head_name": "Ramon Manalo",
        "address": "Purok 1, Jacinto Street",
        "barangay": "Salapongan",
        "size": 4,
        "children_count": 3,
        "elderly_count": 1,
        "pwd_count": 0,
        "contact": "09170537969",
        "notes": null
      }
    },
    {
      "type": "Feature",
      "geometry": {
        "type": "Point",
        "coordinates": [
          120.982217,
          14.953728
        ]
      },
      "properties": {
        "household_no": "H-0174",
        "head_name": "Gregorio Alcantara",
        "address": "Purok 6, Aguinaldo Street",
        "barangay": "Salapongan",
        "size": 4,
        "children_count": 3,
        "elderly_count": 1,
        "pwd_count": 0,
        "contact": "09170710428",
        "notes": null
      }
    },
    {
      "type": "Feature",
      "geometry": {
        "type": "Point",
        "coordinates": [
          120.982418,
          14.953668
        ]
      },
      "properties": {
        "household_no": "H-0175",
        "head_name": "Nestor Navarro",
        "address": "Purok 5, Luna Street",
        "barangay": "Salapongan",
        "size": 3,
        "children_count": 0,
        "elderly_count": 2,
        "pwd_count": 0,
        "contact": "09172569683",
        "notes": null
      }
    },
    {
      "type": "Feature",
      "geometry": {
        "type": "Point",
        "coordinates": [
          120.978337,
          14.953951
        ]
      },
      "properties": {
        "household_no": "H-0176",
        "head_name": "Ferdinand Tomas",
        "address": "Purok 1, Mabini Street",
        "barangay": "Salapongan",
        "size": 7,
        "children_count": 0,
        "elderly_count": 1,
        "pwd_count": 0,
        "contact": "09173872411",
        "notes": null
      }
    },
    {
      "type": "Feature",
      "geometry": {
        "type": "Point",
        "coordinates": [
          120.979973,
          14.949444
        ]
      },
      "properties": {
        "household_no": "H-0177",
        "head_name": "Jonalyn Vergara",
        "address": "Purok 5, Jacinto Street",
        "barangay": "Salapongan",
        "size": 8,
        "children_count": 3,
        "elderly_count": 2,
        "pwd_count": 0,
        "contact": "09175636743",
        "notes": null
      }
    },
    {
      "type": "Feature",
      "geometry": {
        "type": "Point",
        "coordinates": [
          120.982215,
          14.949881
        ]
      },
      "properties": {
        "household_no": "H-0178",
        "head_name": "Carlos Serrano",
        "address": "Purok 5, Bonifacio Street",
        "barangay": "Salapongan",
        "size": 6,
        "children_count": 0,
        "elderly_count": 2,
        "pwd_count": 0,
        "contact": "09171683437",
        "notes": null
      }
    },
    {
      "type": "Feature",
      "geometry": {
        "type": "Point",
        "coordinates": [
          120.97855,
          14.948166
        ]
      },
      "properties": {
        "household_no": "H-0179",
        "head_name": "Riza Garcia",
        "address": "Purok 4, M. Hizon Street",
        "barangay": "Salapongan",
        "size": 4,
        "children_count": 3,
        "elderly_count": 1,
        "pwd_count": 0,
        "contact": "09173998346",
        "notes": null
      }
    },
    {
      "type": "Feature",
      "geometry": {
        "type": "Point",
        "coordinates": [
          120.960249,
          14.965808
        ]
      },
      "properties": {
        "household_no": "H-0180",
        "head_name": "Corazon Buenaventura",
        "address": "Purok 2, Katubusan Street",
        "barangay": "Sampaloc",
        "size": 6,
        "children_count": 0,
        "elderly_count": 0,
        "pwd_count": 0,
        "contact": "09176393031",
        "notes": null
      }
    },
    {
      "type": "Feature",
      "geometry": {
        "type": "Point",
        "coordinates": [
          120.960859,
          14.966617
        ]
      },
      "properties": {
        "household_no": "H-0181",
        "head_name": "Edwin Ong",
        "address": "Purok 1, Quezon Street",
        "barangay": "Sampaloc",
        "size": 8,
        "children_count": 0,
        "elderly_count": 2,
        "pwd_count": 0,
        "contact": "09170681742",
        "notes": null
      }
    },
    {
      "type": "Feature",
      "geometry": {
        "type": "Point",
        "coordinates": [
          120.956263,
          14.966749
        ]
      },
      "properties": {
        "household_no": "H-0182",
        "head_name": "Jonalyn Mercado",
        "address": "Purok 4, Aguinaldo Street",
        "barangay": "Sampaloc",
        "size": 6,
        "children_count": 3,
        "elderly_count": 2,
        "pwd_count": 0,
        "contact": "09172849819",
        "notes": null
      }
    },
    {
      "type": "Feature",
      "geometry": {
        "type": "Point",
        "coordinates": [
          120.960145,
          14.965331
        ]
      },
      "properties": {
        "household_no": "H-0183",
        "head_name": "Romeo Reyes",
        "address": "Purok 6, Bonifacio Street",
        "barangay": "Sampaloc",
        "size": 4,
        "children_count": 3,
        "elderly_count": 1,
        "pwd_count": 0,
        "contact": "09171156567",
        "notes": null
      }
    },
    {
      "type": "Feature",
      "geometry": {
        "type": "Point",
        "coordinates": [
          120.959078,
          14.966663
        ]
      },
      "properties": {
        "household_no": "H-0184",
        "head_name": "Nestor Bautista",
        "address": "Purok 3, M.H. del Pilar Street",
        "barangay": "Sampaloc",
        "size": 8,
        "children_count": 2,
        "elderly_count": 0,
        "pwd_count": 0,
        "contact": "09174905608",
        "notes": null
      }
    },
    {
      "type": "Feature",
      "geometry": {
        "type": "Point",
        "coordinates": [
          120.959774,
          14.963174
        ]
      },
      "properties": {
        "household_no": "H-0185",
        "head_name": "Divina Torres",
        "address": "Purok 5, Burgos Street",
        "barangay": "Sampaloc",
        "size": 2,
        "children_count": 2,
        "elderly_count": 0,
        "pwd_count": 0,
        "contact": "09173812631",
        "notes": null
      }
    },
    {
      "type": "Feature",
      "geometry": {
        "type": "Point",
        "coordinates": [
          120.961172,
          14.96539
        ]
      },
      "properties": {
        "household_no": "H-0186",
        "head_name": "Imelda Alcantara",
        "address": "Purok 4, Bonifacio Street",
        "barangay": "Sampaloc",
        "size": 6,
        "children_count": 3,
        "elderly_count": 0,
        "pwd_count": 1,
        "contact": "09178430967",
        "notes": null
      }
    },
    {
      "type": "Feature",
      "geometry": {
        "type": "Point",
        "coordinates": [
          120.991315,
          14.940931
        ]
      },
      "properties": {
        "household_no": "H-0187",
        "head_name": "Maria Ong",
        "address": "Purok 5, Liberation Street",
        "barangay": "San Agustin",
        "size": 3,
        "children_count": 2,
        "elderly_count": 1,
        "pwd_count": 0,
        "contact": "09172367264",
        "notes": null
      }
    },
    {
      "type": "Feature",
      "geometry": {
        "type": "Point",
        "coordinates": [
          120.988229,
          14.942747
        ]
      },
      "properties": {
        "household_no": "H-0188",
        "head_name": "Carmen Bautista",
        "address": "Purok 3, Quezon Street",
        "barangay": "San Agustin",
        "size": 4,
        "children_count": 1,
        "elderly_count": 2,
        "pwd_count": 0,
        "contact": "09179493410",
        "notes": null
      }
    },
    {
      "type": "Feature",
      "geometry": {
        "type": "Point",
        "coordinates": [
          120.990035,
          14.942064
        ]
      },
      "properties": {
        "household_no": "H-0189",
        "head_name": "Ramon Gutierrez",
        "address": "Purok 1, P. Burgos Street",
        "barangay": "San Agustin",
        "size": 3,
        "children_count": 1,
        "elderly_count": 2,
        "pwd_count": 0,
        "contact": "09178484563",
        "notes": null
      }
    },
    {
      "type": "Feature",
      "geometry": {
        "type": "Point",
        "coordinates": [
          120.992588,
          14.944624
        ]
      },
      "properties": {
        "household_no": "H-0190",
        "head_name": "Miguel Bautista",
        "address": "Purok 3, Del Pilar Street",
        "barangay": "San Agustin",
        "size": 3,
        "children_count": 2,
        "elderly_count": 0,
        "pwd_count": 0,
        "contact": "09178853947",
        "notes": null
      }
    },
    {
      "type": "Feature",
      "geometry": {
        "type": "Point",
        "coordinates": [
          120.990175,
          14.939066
        ]
      },
      "properties": {
        "household_no": "H-0191",
        "head_name": "Mercedes Vergara",
        "address": "Purok 1, Bonifacio Street",
        "barangay": "San Agustin",
        "size": 7,
        "children_count": 1,
        "elderly_count": 2,
        "pwd_count": 0,
        "contact": "09179225883",
        "notes": null
      }
    },
    {
      "type": "Feature",
      "geometry": {
        "type": "Point",
        "coordinates": [
          120.991385,
          14.944465
        ]
      },
      "properties": {
        "household_no": "H-0192",
        "head_name": "Imelda Navarro",
        "address": "Purok 2, San Jose Street",
        "barangay": "San Agustin",
        "size": 5,
        "children_count": 2,
        "elderly_count": 2,
        "pwd_count": 0,
        "contact": "09176164581",
        "notes": null
      }
    },
    {
      "type": "Feature",
      "geometry": {
        "type": "Point",
        "coordinates": [
          120.988797,
          14.944285
        ]
      },
      "properties": {
        "household_no": "H-0193",
        "head_name": "Reynaldo Soriano",
        "address": "Purok 1, Liberation Street",
        "barangay": "San Agustin",
        "size": 4,
        "children_count": 0,
        "elderly_count": 1,
        "pwd_count": 0,
        "contact": "09173161249",
        "notes": "Single income earner"
      }
    },
    {
      "type": "Feature",
      "geometry": {
        "type": "Point",
        "coordinates": [
          120.991782,
          14.941284
        ]
      },
      "properties": {
        "household_no": "H-0194",
        "head_name": "Fe Buenaventura",
        "address": "Purok 3, P. Burgos Street",
        "barangay": "San Agustin",
        "size": 1,
        "children_count": 1,
        "elderly_count": 0,
        "pwd_count": 0,
        "contact": "09176593585",
        "notes": null
      }
    },
    {
      "type": "Feature",
      "geometry": {
        "type": "Point",
        "coordinates": [
          120.992868,
          14.940602
        ]
      },
      "properties": {
        "household_no": "H-0195",
        "head_name": "Mario Santiago",
        "address": "Purok 6, Liberation Street",
        "barangay": "San Agustin",
        "size": 6,
        "children_count": 2,
        "elderly_count": 1,
        "pwd_count": 0,
        "contact": "09177919113",
        "notes": null
      }
    },
    {
      "type": "Feature",
      "geometry": {
        "type": "Point",
        "coordinates": [
          120.976633,
          14.970042
        ]
      },
      "properties": {
        "household_no": "H-0196",
        "head_name": "Benito Soriano",
        "address": "Purok 1, Burgos Street",
        "barangay": "San Roque",
        "size": 3,
        "children_count": 2,
        "elderly_count": 1,
        "pwd_count": 0,
        "contact": "09175237958",
        "notes": null
      }
    },
    {
      "type": "Feature",
      "geometry": {
        "type": "Point",
        "coordinates": [
          120.980744,
          14.970757
        ]
      },
      "properties": {
        "household_no": "H-0197",
        "head_name": "Andres Serrano",
        "address": "Purok 1, Quezon Street",
        "barangay": "San Roque",
        "size": 2,
        "children_count": 1,
        "elderly_count": 0,
        "pwd_count": 0,
        "contact": "09178668703",
        "notes": "Needs wheelchair access"
      }
    },
    {
      "type": "Feature",
      "geometry": {
        "type": "Point",
        "coordinates": [
          120.975066,
          14.972011
        ]
      },
      "properties": {
        "household_no": "H-0198",
        "head_name": "Gregorio Ilustre",
        "address": "Purok 6, San Jose Street",
        "barangay": "San Roque",
        "size": 6,
        "children_count": 3,
        "elderly_count": 0,
        "pwd_count": 1,
        "contact": "09175575886",
        "notes": null
      }
    },
    {
      "type": "Feature",
      "geometry": {
        "type": "Point",
        "coordinates": [
          120.978703,
          14.970641
        ]
      },
      "properties": {
        "household_no": "H-0199",
        "head_name": "Ana Ramos",
        "address": "Purok 1, San Jose Street",
        "barangay": "San Roque",
        "size": 4,
        "children_count": 1,
        "elderly_count": 1,
        "pwd_count": 0,
        "contact": "09176688222",
        "notes": "Recently relocated from flood-prone area"
      }
    },
    {
      "type": "Feature",
      "geometry": {
        "type": "Point",
        "coordinates": [
          120.976417,
          14.970864
        ]
      },
      "properties": {
        "household_no": "H-0200",
        "head_name": "Fe Flores",
        "address": "Purok 6, Jacinto Street",
        "barangay": "San Roque",
        "size": 7,
        "children_count": 3,
        "elderly_count": 0,
        "pwd_count": 0,
        "contact": "09176903787",
        "notes": null
      }
    },
    {
      "type": "Feature",
      "geometry": {
        "type": "Point",
        "coordinates": [
          120.977226,
          14.972484
        ]
      },
      "properties": {
        "household_no": "H-0201",
        "head_name": "Benito Torres",
        "address": "Purok 2, Luna Street",
        "barangay": "San Roque",
        "size": 3,
        "children_count": 1,
        "elderly_count": 1,
        "pwd_count": 0,
        "contact": "09174858756",
        "notes": null
      }
    },
    {
      "type": "Feature",
      "geometry": {
        "type": "Point",
        "coordinates": [
          120.976778,
          14.972707
        ]
      },
      "properties": {
        "household_no": "H-0202",
        "head_name": "Liza Flores",
        "address": "Purok 3, Rizal Street",
        "barangay": "San Roque",
        "size": 1,
        "children_count": 1,
        "elderly_count": 0,
        "pwd_count": 0,
        "contact": "09172801412",
        "notes": null
      }
    },
    {
      "type": "Feature",
      "geometry": {
        "type": "Point",
        "coordinates": [
          120.97779,
          14.97137
        ]
      },
      "properties": {
        "household_no": "H-0203",
        "head_name": "Antonio Magpayo",
        "address": "Purok 4, Jacinto Street",
        "barangay": "San Roque",
        "size": 4,
        "children_count": 2,
        "elderly_count": 0,
        "pwd_count": 0,
        "contact": "09172450954",
        "notes": "No electricity connection"
      }
    },
    {
      "type": "Feature",
      "geometry": {
        "type": "Point",
        "coordinates": [
          120.937529,
          14.987633
        ]
      },
      "properties": {
        "household_no": "H-0204",
        "head_name": "Carlos Magpayo",
        "address": "Purok 3, P. Burgos Street",
        "barangay": "Talacsan",
        "size": 6,
        "children_count": 3,
        "elderly_count": 2,
        "pwd_count": 0,
        "contact": "09170001926",
        "notes": null
      }
    },
    {
      "type": "Feature",
      "geometry": {
        "type": "Point",
        "coordinates": [
          120.942193,
          14.986713
        ]
      },
      "properties": {
        "household_no": "H-0205",
        "head_name": "Carmen Marquez",
        "address": "Purok 4, Jacinto Street",
        "barangay": "Talacsan",
        "size": 3,
        "children_count": 1,
        "elderly_count": 1,
        "pwd_count": 1,
        "contact": "09177664746",
        "notes": null
      }
    },
    {
      "type": "Feature",
      "geometry": {
        "type": "Point",
        "coordinates": [
          120.937579,
          14.983479
        ]
      },
      "properties": {
        "household_no": "H-0206",
        "head_name": "Nestor Espino",
        "address": "Purok 6, San Jose Street",
        "barangay": "Talacsan",
        "size": 5,
        "children_count": 1,
        "elderly_count": 1,
        "pwd_count": 1,
        "contact": "09177499778",
        "notes": null
      }
    },
    {
      "type": "Feature",
      "geometry": {
        "type": "Point",
        "coordinates": [
          120.938861,
          14.987882
        ]
      },
      "properties": {
        "household_no": "H-0207",
        "head_name": "Jose Soriano",
        "address": "Purok 6, Del Pilar Street",
        "barangay": "Talacsan",
        "size": 5,
        "children_count": 0,
        "elderly_count": 1,
        "pwd_count": 0,
        "contact": "09171728668",
        "notes": null
      }
    },
    {
      "type": "Feature",
      "geometry": {
        "type": "Point",
        "coordinates": [
          120.939771,
          14.98679
        ]
      },
      "properties": {
        "household_no": "H-0208",
        "head_name": "Nestor Gutierrez",
        "address": "Purok 1, Aguinaldo Street",
        "barangay": "Talacsan",
        "size": 4,
        "children_count": 1,
        "elderly_count": 0,
        "pwd_count": 0,
        "contact": "09177130947",
        "notes": null
      }
    },
    {
      "type": "Feature",
      "geometry": {
        "type": "Point",
        "coordinates": [
          120.939051,
          14.985366
        ]
      },
      "properties": {
        "household_no": "H-0209",
        "head_name": "Riza Torres",
        "address": "Purok 5, Liberation Street",
        "barangay": "Talacsan",
        "size": 5,
        "children_count": 3,
        "elderly_count": 1,
        "pwd_count": 0,
        "contact": "09174741484",
        "notes": null
      }
    },
    {
      "type": "Feature",
      "geometry": {
        "type": "Point",
        "coordinates": [
          120.93922,
          14.984521
        ]
      },
      "properties": {
        "household_no": "H-0210",
        "head_name": "Liza Del Rosario",
        "address": "Purok 5, Del Pilar Street",
        "barangay": "Talacsan",
        "size": 3,
        "children_count": 0,
        "elderly_count": 1,
        "pwd_count": 1,
        "contact": "09173023366",
        "notes": null
      }
    },
    {
      "type": "Feature",
      "geometry": {
        "type": "Point",
        "coordinates": [
          120.94212,
          14.983001
        ]
      },
      "properties": {
        "household_no": "H-0211",
        "head_name": "Rogelio Espino",
        "address": "Purok 1, Luna Street",
        "barangay": "Talacsan",
        "size": 3,
        "children_count": 2,
        "elderly_count": 0,
        "pwd_count": 0,
        "contact": "09176538538",
        "notes": "Recently relocated from flood-prone area"
      }
    },
    {
      "type": "Feature",
      "geometry": {
        "type": "Point",
        "coordinates": [
          120.9532,
          14.939083
        ]
      },
      "properties": {
        "household_no": "H-0212",
        "head_name": "Rogelio Lucero",
        "address": "Purok 5, P. Burgos Street",
        "barangay": "Tambubong",
        "size": 8,
        "children_count": 2,
        "elderly_count": 0,
        "pwd_count": 0,
        "contact": "09176554661",
        "notes": null
      }
    },
    {
      "type": "Feature",
      "geometry": {
        "type": "Point",
        "coordinates": [
          120.949664,
          14.935583
        ]
      },
      "properties": {
        "household_no": "H-0213",
        "head_name": "Imelda Marquez",
        "address": "Purok 2, Luna Street",
        "barangay": "Tambubong",
        "size": 4,
        "children_count": 0,
        "elderly_count": 0,
        "pwd_count": 0,
        "contact": "09177838450",
        "notes": null
      }
    },
    {
      "type": "Feature",
      "geometry": {
        "type": "Point",
        "coordinates": [
          120.949508,
          14.935142
        ]
      },
      "properties": {
        "household_no": "H-0214",
        "head_name": "Elena Cruz",
        "address": "Purok 2, Bonifacio Street",
        "barangay": "Tambubong",
        "size": 4,
        "children_count": 1,
        "elderly_count": 0,
        "pwd_count": 0,
        "contact": "09173441137",
        "notes": null
      }
    },
    {
      "type": "Feature",
      "geometry": {
        "type": "Point",
        "coordinates": [
          120.952189,
          14.936124
        ]
      },
      "properties": {
        "household_no": "H-0215",
        "head_name": "Romeo Flores",
        "address": "Purok 4, Gov. Padilla Street",
        "barangay": "Tambubong",
        "size": 8,
        "children_count": 0,
        "elderly_count": 1,
        "pwd_count": 0,
        "contact": "09176981697",
        "notes": null
      }
    },
    {
      "type": "Feature",
      "geometry": {
        "type": "Point",
        "coordinates": [
          120.949057,
          14.937524
        ]
      },
      "properties": {
        "household_no": "H-0216",
        "head_name": "Elena Aquino",
        "address": "Purok 6, Bonifacio Street",
        "barangay": "Tambubong",
        "size": 3,
        "children_count": 3,
        "elderly_count": 0,
        "pwd_count": 0,
        "contact": "09173041083",
        "notes": null
      }
    },
    {
      "type": "Feature",
      "geometry": {
        "type": "Point",
        "coordinates": [
          120.950035,
          14.934906
        ]
      },
      "properties": {
        "household_no": "H-0217",
        "head_name": "Divina Pascual",
        "address": "Purok 3, Gov. Padilla Street",
        "barangay": "Tambubong",
        "size": 5,
        "children_count": 2,
        "elderly_count": 0,
        "pwd_count": 0,
        "contact": "09174403420",
        "notes": null
      }
    },
    {
      "type": "Feature",
      "geometry": {
        "type": "Point",
        "coordinates": [
          120.951172,
          14.939432
        ]
      },
      "properties": {
        "household_no": "H-0218",
        "head_name": "Mercedes Del Rosario",
        "address": "Purok 5, Rizal Street",
        "barangay": "Tambubong",
        "size": 4,
        "children_count": 2,
        "elderly_count": 1,
        "pwd_count": 0,
        "contact": "09174029485",
        "notes": null
      }
    },
    {
      "type": "Feature",
      "geometry": {
        "type": "Point",
        "coordinates": [
          120.953338,
          14.937605
        ]
      },
      "properties": {
        "household_no": "H-0219",
        "head_name": "Antonio Salazar",
        "address": "Purok 5, Katubusan Street",
        "barangay": "Tambubong",
        "size": 2,
        "children_count": 0,
        "elderly_count": 0,
        "pwd_count": 0,
        "contact": "09170847634",
        "notes": null
      }
    },
    {
      "type": "Feature",
      "geometry": {
        "type": "Point",
        "coordinates": [
          120.939219,
          14.947232
        ]
      },
      "properties": {
        "household_no": "H-0220",
        "head_name": "Edwin Alcantara",
        "address": "Purok 4, Liberation Street",
        "barangay": "Tukod",
        "size": 2,
        "children_count": 1,
        "elderly_count": 1,
        "pwd_count": 0,
        "contact": "09173487143",
        "notes": null
      }
    },
    {
      "type": "Feature",
      "geometry": {
        "type": "Point",
        "coordinates": [
          120.942194,
          14.94656
        ]
      },
      "properties": {
        "household_no": "H-0221",
        "head_name": "Ramon Reyes",
        "address": "Purok 1, M.H. del Pilar Street",
        "barangay": "Tukod",
        "size": 5,
        "children_count": 3,
        "elderly_count": 1,
        "pwd_count": 0,
        "contact": "09177741889",
        "notes": "Single income earner"
      }
    },
    {
      "type": "Feature",
      "geometry": {
        "type": "Point",
        "coordinates": [
          120.942395,
          14.948025
        ]
      },
      "properties": {
        "household_no": "H-0222",
        "head_name": "Jose Espino",
        "address": "Purok 1, M.H. del Pilar Street",
        "barangay": "Tukod",
        "size": 4,
        "children_count": 1,
        "elderly_count": 0,
        "pwd_count": 0,
        "contact": "09177686592",
        "notes": null
      }
    },
    {
      "type": "Feature",
      "geometry": {
        "type": "Point",
        "coordinates": [
          120.937648,
          14.948388
        ]
      },
      "properties": {
        "household_no": "H-0223",
        "head_name": "Isagani Torres",
        "address": "Purok 3, Rizal Street",
        "barangay": "Tukod",
        "size": 6,
        "children_count": 3,
        "elderly_count": 1,
        "pwd_count": 0,
        "contact": "09170415307",
        "notes": null
      }
    },
    {
      "type": "Feature",
      "geometry": {
        "type": "Point",
        "coordinates": [
          120.93743,
          14.945764
        ]
      },
      "properties": {
        "household_no": "H-0224",
        "head_name": "Ana Castillo",
        "address": "Purok 1, Luna Street",
        "barangay": "Tukod",
        "size": 2,
        "children_count": 0,
        "elderly_count": 1,
        "pwd_count": 1,
        "contact": "09176255045",
        "notes": null
      }
    },
    {
      "type": "Feature",
      "geometry": {
        "type": "Point",
        "coordinates": [
          120.942723,
          14.946936
        ]
      },
      "properties": {
        "household_no": "H-0225",
        "head_name": "Juan Torres",
        "address": "Purok 1, Gov. Padilla Street",
        "barangay": "Tukod",
        "size": 6,
        "children_count": 2,
        "elderly_count": 0,
        "pwd_count": 0,
        "contact": "09170140014",
        "notes": null
      }
    },
    {
      "type": "Feature",
      "geometry": {
        "type": "Point",
        "coordinates": [
          120.971194,
          14.988538
        ]
      },
      "properties": {
        "household_no": "H-0226",
        "head_name": "Ferdinand Cruz",
        "address": "Purok 6, Jacinto Street",
        "barangay": "Ulingao",
        "size": 7,
        "children_count": 3,
        "elderly_count": 0,
        "pwd_count": 0,
        "contact": "09172392714",
        "notes": null
      }
    },
    {
      "type": "Feature",
      "geometry": {
        "type": "Point",
        "coordinates": [
          120.973583,
          14.988658
        ]
      },
      "properties": {
        "household_no": "H-0227",
        "head_name": "Marites Santos",
        "address": "Purok 1, Katubusan Street",
        "barangay": "Ulingao",
        "size": 4,
        "children_count": 1,
        "elderly_count": 2,
        "pwd_count": 0,
        "contact": "09179950392",
        "notes": null
      }
    },
    {
      "type": "Feature",
      "geometry": {
        "type": "Point",
        "coordinates": [
          120.971213,
          14.987037
        ]
      },
      "properties": {
        "household_no": "H-0228",
        "head_name": "Imelda Ong",
        "address": "Purok 6, Luna Street",
        "barangay": "Ulingao",
        "size": 7,
        "children_count": 3,
        "elderly_count": 0,
        "pwd_count": 0,
        "contact": "09173467751",
        "notes": null
      }
    },
    {
      "type": "Feature",
      "geometry": {
        "type": "Point",
        "coordinates": [
          120.970265,
          14.986152
        ]
      },
      "properties": {
        "household_no": "H-0229",
        "head_name": "Romeo Soriano",
        "address": "Purok 6, M.H. del Pilar Street",
        "barangay": "Ulingao",
        "size": 3,
        "children_count": 2,
        "elderly_count": 0,
        "pwd_count": 0,
        "contact": "09174869858",
        "notes": null
      }
    },
    {
      "type": "Feature",
      "geometry": {
        "type": "Point",
        "coordinates": [
          120.971148,
          14.986639
        ]
      },
      "properties": {
        "household_no": "H-0230",
        "head_name": "Ana Reyes",
        "address": "Purok 2, Bonifacio Street",
        "barangay": "Ulingao",
        "size": 5,
        "children_count": 0,
        "elderly_count": 2,
        "pwd_count": 1,
        "contact": "09177249842",
        "notes": "Recently relocated from flood-prone area"
      }
    },
    {
      "type": "Feature",
      "geometry": {
        "type": "Point",
        "coordinates": [
          120.96978,
          14.985197
        ]
      },
      "properties": {
        "household_no": "H-0231",
        "head_name": "Pedro Soriano",
        "address": "Purok 5, P. Burgos Street",
        "barangay": "Ulingao",
        "size": 5,
        "children_count": 2,
        "elderly_count": 2,
        "pwd_count": 0,
        "contact": "09177693850",
        "notes": null
      }
    },
    {
      "type": "Feature",
      "geometry": {
        "type": "Point",
        "coordinates": [
          120.973126,
          14.989538
        ]
      },
      "properties": {
        "household_no": "H-0232",
        "head_name": "Carlos Ong",
        "address": "Purok 6, Jacinto Street",
        "barangay": "Ulingao",
        "size": 5,
        "children_count": 1,
        "elderly_count": 2,
        "pwd_count": 0,
        "contact": "09175365369",
        "notes": null
      }
    },
    {
      "type": "Feature",
      "geometry": {
        "type": "Point",
        "coordinates": [
          120.986023,
          14.915532
        ]
      },
      "properties": {
        "household_no": "H-0233",
        "head_name": "Mercedes Marquez",
        "address": "Purok 3, Rizal Street",
        "barangay": "Sapang Pahalang",
        "size": 4,
        "children_count": 3,
        "elderly_count": 0,
        "pwd_count": 0,
        "contact": "09170250013",
        "notes": null
      }
    },
    {
      "type": "Feature",
      "geometry": {
        "type": "Point",
        "coordinates": [
          120.989018,
          14.913235
        ]
      },
      "properties": {
        "household_no": "H-0234",
        "head_name": "Carmen Soriano",
        "address": "Purok 1, San Jose Street",
        "barangay": "Sapang Pahalang",
        "size": 5,
        "children_count": 3,
        "elderly_count": 2,
        "pwd_count": 0,
        "contact": "09171253428",
        "notes": null
      }
    },
    {
      "type": "Feature",
      "geometry": {
        "type": "Point",
        "coordinates": [
          120.990501,
          14.914767
        ]
      },
      "properties": {
        "household_no": "H-0235",
        "head_name": "Benito Mercado",
        "address": "Purok 3, M. Hizon Street",
        "barangay": "Sapang Pahalang",
        "size": 5,
        "children_count": 0,
        "elderly_count": 0,
        "pwd_count": 0,
        "contact": "09174636622",
        "notes": null
      }
    },
    {
      "type": "Feature",
      "geometry": {
        "type": "Point",
        "coordinates": [
          120.990189,
          14.914769
        ]
      },
      "properties": {
        "household_no": "H-0236",
        "head_name": "Elena Torres",
        "address": "Purok 5, Luna Street",
        "barangay": "Sapang Pahalang",
        "size": 5,
        "children_count": 0,
        "elderly_count": 0,
        "pwd_count": 0,
        "contact": "09171248836",
        "notes": "Assisted breathing device"
      }
    },
    {
      "type": "Feature",
      "geometry": {
        "type": "Point",
        "coordinates": [
          120.990805,
          14.917898
        ]
      },
      "properties": {
        "household_no": "H-0237",
        "head_name": "Liza Marquez",
        "address": "Purok 2, Mabini Street",
        "barangay": "Sapang Pahalang",
        "size": 5,
        "children_count": 0,
        "elderly_count": 1,
        "pwd_count": 0,
        "contact": "09171700769",
        "notes": null
      }
    },
    {
      "type": "Feature",
      "geometry": {
        "type": "Point",
        "coordinates": [
          120.986722,
          14.914276
        ]
      },
      "properties": {
        "household_no": "H-0238",
        "head_name": "Edwin Salazar",
        "address": "Purok 4, Quezon Street",
        "barangay": "Sapang Pahalang",
        "size": 5,
        "children_count": 0,
        "elderly_count": 1,
        "pwd_count": 0,
        "contact": "09179494441",
        "notes": null
      }
    },
    {
      "type": "Feature",
      "geometry": {
        "type": "Point",
        "coordinates": [
          120.987012,
          14.917263
        ]
      },
      "properties": {
        "household_no": "H-0239",
        "head_name": "Myra Manalo",
        "address": "Purok 2, Burgos Street",
        "barangay": "Sapang Pahalang",
        "size": 6,
        "children_count": 3,
        "elderly_count": 0,
        "pwd_count": 0,
        "contact": "09177492252",
        "notes": null
      }
    },
    {
      "type": "Feature",
      "geometry": {
        "type": "Point",
        "coordinates": [
          120.989043,
          14.915483
        ]
      },
      "properties": {
        "household_no": "H-0240",
        "head_name": "Jonalyn Bautista",
        "address": "Purok 3, Mabini Street",
        "barangay": "Sapang Pahalang",
        "size": 5,
        "children_count": 2,
        "elderly_count": 0,
        "pwd_count": 0,
        "contact": "09174509729",
        "notes": null
      }
    }
  ]
}
